bha_id,wellbore_id,run_id,bha_type,bha_description,start_md,end_md,start_time,end_time,source,source_document,source_page,confidence,data_origin
FORGE16B7832-01-BHA-001,FORGE16B7832-01,,,No. 1 -,,,,,Utah FORGE 16B(78)-32 DDR BHA table,20230426-DAILYREPORT10DETAILRPT-230426060302,,medium,PUBLIC_REAL
FORGE16B7832-01-BHA-002,FORGE16B7832-01,,,No. 1 -,,,,,Utah FORGE 16B(78)-32 DDR BHA table,20230427-DAILYREPORT11DETAILRPT-230427053214,,medium,PUBLIC_REAL
FORGE16B7832-01-BHA-003,FORGE16B7832-01,,,No. 2 -,,,,,Utah FORGE 16B(78)-32 DDR BHA table,20230429-DAILYREPORT-13-DETAILRPT-230429055018,,medium,PUBLIC_REAL
FORGE16B7832-01-BHA-004,FORGE16B7832-01,,,No. 3 -,,,,,Utah FORGE 16B(78)-32 DDR BHA table,20230430-DAILYREPORT14DETAILRPT-230430060919,,medium,PUBLIC_REAL
FORGE16B7832-01-BHA-005,FORGE16B7832-01,,,No. 3 -,,,,,Utah FORGE 16B(78)-32 DDR BHA table,20230501-DAILYREPORT15DETAILRPT-230501064742,,medium,PUBLIC_REAL
FORGE16B7832-01-BHA-006,FORGE16B7832-01,,,No. 4 -,,,,,Utah FORGE 16B(78)-32 DDR BHA table,20230502-DAILYREPORT16DETAILRPT-230502065544,,medium,PUBLIC_REAL
FORGE16B7832-01-BHA-007,FORGE16B7832-01,,,No. 4 -,,,,,Utah FORGE 16B(78)-32 DDR BHA table,20230503-DAILYREPORT17DETAILRPT-230503103709,,medium,PUBLIC_REAL
FORGE16B7832-01-BHA-008,FORGE16B7832-01,,,No. 5 -,,,,,Utah FORGE 16B(78)-32 DDR BHA table,20230508-DAILYREPORT22DETAILRPT-230508063413,,medium,PUBLIC_REAL
FORGE16B7832-01-BHA-009,FORGE16B7832-01,,,"No. 22 - BIT, NBS, CORE, STAB, CORE, STAB, CORE, STAB, OTHER, JAR, XO, 30 HWDP = 992.84",,,,,Utah FORGE 16B(78)-32 DDR BHA table,DAILYREPORT-43DETAILRPT-230529060954,,medium,PUBLIC_REAL
FORGE16B7832-01-BHA-010,FORGE16B7832-01,,,"No. 40 - BIT, BS, XO, 30 HWDP = 920.51",,,,,Utah FORGE 16B(78)-32 DDR BHA table,DAILYREPORT-72DETAILRPT-230627054928,,medium,PUBLIC_REAL
FORGE16B7832-01-BHA-011,FORGE16B7832-01,,,"No. 40 - BIT, BS, XO, 30 HWDP = 920.51",,,,,Utah FORGE 16B(78)-32 DDR BHA table,DAILYREPORT-73DETAILRPT-230628060220,,medium,PUBLIC_REAL
FORGE16B7832-01-BHA-012,FORGE16B7832-01,,,"No. 41 - BIT, BS, XO, 30 HWDP = 920.51",,,,,Utah FORGE 16B(78)-32 DDR BHA table,DAILYREPORT-74DETAILRPT-230629063544,,medium,PUBLIC_REAL
FORGE16B7832-01-BHA-013,FORGE16B7832-01,,,"No. 41 - BIT, BS, XO, 30 HWDP = 920.51",,,,,Utah FORGE 16B(78)-32 DDR BHA table,DAILYREPORT-75DETAILRPT-230630060337,,medium,PUBLIC_REAL
FORGE16B7832-01-BHA-014,FORGE16B7832-01,,,"No. 42 - BIT, BS, STAB, DC, STAB, OTHER, XO, HWDP, XO, STAB, XO, 15 HWDP, JAR, 18 HWDP = 1147.15",,,,,Utah FORGE 16B(78)-32 DDR BHA table,DAILYREPORT-79DETAILRPT-230704052452,,medium,PUBLIC_REAL
FORGE16B7832-01-BHA-015,FORGE16B7832-01,,,"No. 43 - , XO, 33 HWDP = 1248.37",,,,,Utah FORGE 16B(78)-32 DDR BHA table,DAILYREPORT-81DETAILRPT-230706065212,,medium,PUBLIC_REAL
FORGE16B7832-01-BHA-016,FORGE16B7832-01,,,"No. 44 - OTHER, BS, STAB, DC, STAB, OTHER, STAB, DC, STAB, XO, 9 HWDP, XO, STAB, XO, 12 HWDP, JAR, 12 HWDP = 1163.75",,,,,Utah FORGE 16B(78)-32 DDR BHA table,DAILYREPORT-82DETAILRPT-230707061126,,medium,PUBLIC_REAL
FORGE16B7832-01-BHA-017,FORGE16B7832-01,,,"No. 44 - OTHER, BS, STAB, DC, STAB, OTHER, STAB, DC, STAB, XO, 9 HWDP, XO, STAB, XO, 12 HWDP, JAR, 12 HWDP = 1163.75",,,,,Utah FORGE 16B(78)-32 DDR BHA table,DAILYREPORT-83DETAILRPT-230708060816,,medium,PUBLIC_REAL
FORGE16B7832-01-BHA-018,FORGE16B7832-01,,,"No. 45 - BIT, BS, XO, 33 HWDP = 1016.45",,,,,Utah FORGE 16B(78)-32 DDR BHA table,DAILYREPORT-85DETAILRPT-230710060755,,medium,PUBLIC_REAL
FORGE16B7832-01-BHA-019,FORGE16B7832-01,,,"No. 46 - BIT, NBS, DC, STAB, 23 DC = 748.80",,,,,Utah FORGE 16B(78)-32 DDR BHA table,DAILYREPORT-91DETAILRPT-230716062037,,medium,PUBLIC_REAL
FORGE16B7832-01-BHA-020,FORGE16B7832-01,,,"No. 46 - BIT, NBS, DC, STAB, 23 DC = 748.80",,,,,Utah FORGE 16B(78)-32 DDR BHA table,DAILYREPORT-92DETAILRPT-230717055645,,medium,PUBLIC_REAL
FORGE16B7832-01-BHA-021,FORGE16B7832-01,,,"No. 47 - BIT, NBS, DC, STAB, 23 DC = 748.80",,,,,Utah FORGE 16B(78)-32 DDR BHA table,DAILYREPORT-96DETAILRPT-230721061944,,medium,PUBLIC_REAL
FORGE16B7832-01-BHA-022,FORGE16B7832-01,,,No. 6 -,,,,,Utah FORGE 16B(78)-32 DDR BHA table,DAILYREPORT23DETAILRPT-230509061452,,medium,PUBLIC_REAL
FORGE16B7832-01-BHA-023,FORGE16B7832-01,,,No. 8 -,,,,,Utah FORGE 16B(78)-32 DDR BHA table,DAILYREPORT25DETAILRPT-230511062556,,medium,PUBLIC_REAL
FORGE16B7832-01-BHA-024,FORGE16B7832-01,,,No. 9 -,,,,,Utah FORGE 16B(78)-32 DDR BHA table,DAILYREPORT26DETAILRPT-230512063715,,medium,PUBLIC_REAL
FORGE16B7832-01-BHA-025,FORGE16B7832-01,,,"No. 11 - BIT, OTHER, STAB, PC, DCM, RR, 2 OTHER, MMTR, OTHER, 9 DC, XO, 30 HWDP = 1354.08",,,,,Utah FORGE 16B(78)-32 DDR BHA table,DAILYREPORT27DETAILRPT-230513061903,,medium,PUBLIC_REAL
FORGE16B7832-01-BHA-026,FORGE16B7832-01,,,"No. 13 - BIT, OTHER, STAB, DCM, RR, 3 OTHER, 9 DC, XO, 30 HWDP = 1286.80",,,,,Utah FORGE 16B(78)-32 DDR BHA table,DAILYREPORT30DETAILRPT-230516080552,,medium,PUBLIC_REAL
FORGE16B7832-01-BHA-027,FORGE16B7832-01,,,"No. 14 - BIT, OTHER, STAB, 2 PC, RR, DCM, 3 OTHER, 9 DC, XO, 30 HWDP = 1306.42",,,,,Utah FORGE 16B(78)-32 DDR BHA table,DAILYREPORT31DETAILRPT-230517063926,,medium,PUBLIC_REAL
FORGE16B7832-01-BHA-028,FORGE16B7832-01,,,"No. 19 - BIT, MMTR, RR, PC, DCM, MWD, 2 PC, 3 OTHER, XO, 28 HWDP = 986.19",,,,,Utah FORGE 16B(78)-32 DDR BHA table,DAILYREPORT40DETAILRPT-230526094342,,medium,PUBLIC_REAL
FORGE16B7832-01-BHA-029,FORGE16B7832-01,,,"No. 22 - BIT, NBS, CORE, STAB, CORE, STAB, CORE, STAB, OTHER, JAR, XO, 30 HWDP = 992.84",,,,,Utah FORGE 16B(78)-32 DDR BHA table,DAILYREPORT44DETAILRPT-230530055905,,medium,PUBLIC_REAL
FORGE16B7832-01-BHA-030,FORGE16B7832-01,,,"No. 24 - BIT, BS, XO, 30 HWDP = 924.64",,,,,Utah FORGE 16B(78)-32 DDR BHA table,DAILYREPORT46DETAILRPT-230601111529,,medium,PUBLIC_REAL
FORGE16B7832-01-BHA-031,FORGE16B7832-01,,,"No. 25 - BIT, NBS, CORE, STAB, CORE, STAB, CORE, STAB, OTHER, JAR, XO, 30 HWDP = 992.84",,,,,Utah FORGE 16B(78)-32 DDR BHA table,DAILYREPORT47DETAILRPT-230602080800,,medium,PUBLIC_REAL
FORGE16B7832-01-BHA-032,FORGE16B7832-01,,,"No. 26 - BIT, BS, RR, MMTR, RR, OTHER, XO, 30 HWDP = 975.53",,,,,Utah FORGE 16B(78)-32 DDR BHA table,DAILYREPORT48DETAILRPT-230603062858,,medium,PUBLIC_REAL
FORGE16B7832-01-BHA-033,FORGE16B7832-01,,,"No. 27 - BIT, MMTR, RR, PC, DCM, MWD, DCM, 3 OTHER, XO, 30 HWDP = 1060.91",,,,,Utah FORGE 16B(78)-32 DDR BHA table,DAILYREPORT49DETAILRPT-230604061931,,medium,PUBLIC_REAL
FORGE16B7832-01-BHA-034,FORGE16B7832-01,,,"No. 28 - BIT, NBS, CORE, STAB, CORE, STAB, CORE, STAB, OTHER, JAR, XO, 30 HWDP = 992.79",,,,,Utah FORGE 16B(78)-32 DDR BHA table,DAILYREPORT50DETAILRPT-230605061902,,medium,PUBLIC_REAL
FORGE16B7832-01-BHA-035,FORGE16B7832-01,,,"No. 28 - BIT, NBS, CORE, STAB, CORE, STAB, CORE, STAB, OTHER, JAR, XO, 30 HWDP = 992.79",,,,,Utah FORGE 16B(78)-32 DDR BHA table,DAILYREPORT51DETAILRPT-230606063940,,medium,PUBLIC_REAL
FORGE16B7832-01-BHA-036,FORGE16B7832-01,,,"No. 30 - BIT, NBS, CORE, STAB, CORE, STAB, CORE, STAB, OTHER, JAR, XO, 30 HWDP = 992.79",,,,,Utah FORGE 16B(78)-32 DDR BHA table,DAILYREPORT52DETAILRPT-230607061827,,medium,PUBLIC_REAL
FORGE16B7832-01-BHA-037,FORGE16B7832-01,,,"No. 31 - BIT, BS, XO, 30 HWDP = 924.24",,,,,Utah FORGE 16B(78)-32 DDR BHA table,DAILYREPORT53DETAILRPT-230608060749,,medium,PUBLIC_REAL
FORGE16B7832-01-BHA-038,FORGE16B7832-01,,,"No. 32 - BIT, NBS, CORE, STAB, CORE, STAB, OTHER, JAR, XO, 30 HWDP = 992.79",,,,,Utah FORGE 16B(78)-32 DDR BHA table,DAILYREPORT54DETAILRPT-230609062442,,medium,PUBLIC_REAL
FORGE16B7832-01-BHA-039,FORGE16B7832-01,,,"No. 32 - BIT, NBS, CORE, STAB, CORE, STAB, OTHER, JAR, XO, 30 HWDP = 992.79",,,,,Utah FORGE 16B(78)-32 DDR BHA table,DAILYREPORT55DETAILRPT-230610061813,,medium,PUBLIC_REAL
FORGE16B7832-01-BHA-040,FORGE16B7832-01,,,"No. 32 - BIT, NBS, CORE, STAB, CORE, STAB, OTHER, JAR, XO, 30 HWDP = 992.79",,,,,Utah FORGE 16B(78)-32 DDR BHA table,DAILYREPORT56DETAILRPT-230611061358,,medium,PUBLIC_REAL
FORGE16B7832-01-BHA-041,FORGE16B7832-01,,,"No. 33 - BIT, BS, NBS, MMTR, RR, OTHER, XO, 30 HWDP = 976.88",,,,,Utah FORGE 16B(78)-32 DDR BHA table,DAILYREPORT57DETAILRPT-230612062828,,medium,PUBLIC_REAL
FORGE16B7832-01-BHA-042,FORGE16B7832-01,,,"No. 34 - BIT, NBS, CORE, STAB, CORE, STAB, OTHER, JAR, XO, 30 HWDP = 992.79",,,,,Utah FORGE 16B(78)-32 DDR BHA table,DAILYREPORT58DETAILRPT-230613061359,,medium,PUBLIC_REAL
FORGE16B7832-01-BHA-043,FORGE16B7832-01,,,"No. 35 - BIT, BS, XO, 30 HWDP = 924.24",,,,,Utah FORGE 16B(78)-32 DDR BHA table,DAILYREPORT59DETAILRPT-230614061516,,medium,PUBLIC_REAL
FORGE16B7832-01-BHA-044,FORGE16B7832-01,,,"No. 42 - BIT, BS, STAB, DC, STAB, OTHER, XO, HWDP, XO, STAB, XO, 15 HWDP, JAR, 18 HWDP = 1147.15",,,,,Utah FORGE 16B(78)-32 DDR BHA table,DAILYREPORT78DETAILRPT-230703060819,,medium,PUBLIC_REAL
FORGE16B7832-01-BHA-045,FORGE16B7832-01,,,"No. 15 - BIT, OTHER, STAB, 2 PC, RR, DCM, 3 OTHER, 9 DC, XO, 30 HWDP = 1306.42",,,,,Utah FORGE 16B(78)-32 DDR BHA table,DAILYREPORTDETAILRPT-33-230519050545,,medium,PUBLIC_REAL
FORGE16B7832-01-BHA-046,FORGE16B7832-01,,,"No. 16 - BIT, OTHER, STAB, 2 PC, RR, DCM, 3 OTHER, 9 DC, XO, 30 HWDP = 1306.42",,,,,Utah FORGE 16B(78)-32 DDR BHA table,DAILYREPORTDETAILRPT-34-230520052957,,medium,PUBLIC_REAL
FORGE16B7832-01-BHA-047,FORGE16B7832-01,,,"No. 17 - BIT, MMTR, RR, PC, DCM, MWD, 2 PC, 3 OTHER, 9 DC, XO, 30 HWDP = 1323.66",,,,,Utah FORGE 16B(78)-32 DDR BHA table,DAILYREPORTDETAILRPT-35-230521052958,,medium,PUBLIC_REAL
FORGE16B7832-01-BHA-048,FORGE16B7832-01,,,"No. 15 - BIT, OTHER, STAB, 2 PC, RR, DCM, 3 OTHER, 9 DC, XO, 30 HWDP = 1306.42",,,,,Utah FORGE 16B(78)-32 DDR BHA table,DAILYREPORTDETAILRPT-36-230518060545,,medium,PUBLIC_REAL
FORGE16B7832-01-BHA-049,FORGE16B7832-01,,,"No. 17 - BIT, MMTR, RR, PC, DCM, MWD, 2 PC, 3 OTHER, 9 DC, XO, 30 HWDP = 1323.66",,,,,Utah FORGE 16B(78)-32 DDR BHA table,DAILYREPORTDETAILRPT-36-230522054046,,medium,PUBLIC_REAL
FORGE16B7832-01-BHA-050,FORGE16B7832-01,,,"No. 18 - BIT, MMTR, RR, PC, DCM, MWD, 2 PC, 3 OTHER, 9 DC, XO, 30 HWDP = 1323.71",,,,,Utah FORGE 16B(78)-32 DDR BHA table,DAILYREPORTDETAILRPT-37-230523052741,,medium,PUBLIC_REAL
FORGE16B7832-01-BHA-051,FORGE16B7832-01,,,"No. 18 - BIT, MMTR, RR, PC, DCM, MWD, 2 PC, 3 OTHER, 9 DC, XO, 30 HWDP = 1323.71",,,,,Utah FORGE 16B(78)-32 DDR BHA table,DAILYREPORTDETAILRPT-38-230524053033,,medium,PUBLIC_REAL
FORGE16B7832-01-BHA-052,FORGE16B7832-01,,,"No. 21 - BIT, BS, XO, 30 HWDP = 924.64",,,,,Utah FORGE 16B(78)-32 DDR BHA table,DAILYREPORTDETAILRPT-42-230528042704,,medium,PUBLIC_REAL
FORGE16B7832-01-BHA-053,FORGE16B7832-01,,,"No. 38 - BIT, MMTR, RR, PC, DCM, MWD, DCM, 4 OTHER, XO, 30 HWDP = 1068.15",,,,,Utah FORGE 16B(78)-32 DDR BHA table,DAILYREPORTDETAILRPT-62-230617045223,,medium,PUBLIC_REAL
FORGE16B7832-01-BHA-054,FORGE16B7832-01,,,"No. 38 - BIT, MMTR, RR, PC, DCM, MWD, DCM, 4 OTHER, XO, 30 HWDP = 1068.15",,,,,Utah FORGE 16B(78)-32 DDR BHA table,DAILYREPORTDETAILRPT-63-230618054755,,medium,PUBLIC_REAL
FORGE16B7832-01-BHA-055,FORGE16B7832-01,,,"No. 39 - OTHER, BS, STAB, DC, STAB, OTHER, STAB, XO, HWDP, XO, STAB, XO, 9 HWDP, XO, STAB, XO, 15 HWDP, JAR, 9 HWDP =",,,,,Utah FORGE 16B(78)-32 DDR BHA table,DAILYREPORTDETAILRPT-65-230620054749,,medium,PUBLIC_REAL
FORGE16B7832-01-BHA-056,FORGE16B7832-01,,,"No. 39 - OTHER, BS, STAB, DC, STAB, OTHER, STAB, XO, HWDP, XO, STAB, XO, 9 HWDP, XO, STAB, XO, 15 HWDP, JAR, 9 HWDP =",,,,,Utah FORGE 16B(78)-32 DDR BHA table,DAILYREPORTDETAILRPT-68-230623051445,,medium,PUBLIC_REAL
FORGE16B7832-01-BHA-057,FORGE16B7832-01,,,"No. 20 - BIT, MMTR, RR, PC, DCM, MWD, 2 PC, 3 OTHER, XO, 30 HWDP = 1051.37",,,,,Utah FORGE 16B(78)-32 DDR BHA table,DAILYREPORTDETAILRPT-41-230527052454,,medium,PUBLIC_REAL
FORGE16B7832-01-BHA-058,FORGE16B7832-01,,,"No. 36 - BIT, NBS, CORE, STAB, CORE, STAB, OTHER, JAR, XO, 30 HWDP = 992.79",,,,,Utah FORGE 16B(78)-32 DDR BHA table,DAILYREPORTDETAILRPT-60-230615051233,,medium,PUBLIC_REAL
FORGE16B7832-01-BHA-059,FORGE16B7832-01,,,"No. 39 - OTHER, BS, STAB, DC, STAB, OTHER, STAB, XO, HWDP, XO, STAB, XO, 9 HWDP, XO, STAB, XO, 15 HWDP, JAR, 9 HWDP =",,,,,Utah FORGE 16B(78)-32 DDR BHA table,DAILYREPORTDETAILRPT-66-230621051152,,medium,PUBLIC_REAL
FORGE16B7832-01-BHA-060,FORGE16B7832-01,,,"No. 39 - OTHER, BS, STAB, DC, STAB, OTHER, STAB, XO, HWDP, XO, STAB, XO, 9 HWDP, XO, STAB, XO, 15 HWDP, JAR, 9 HWDP =",,,,,Utah FORGE 16B(78)-32 DDR BHA table,DAILYREPORTDETAILRPT-67-230622050108,,medium,PUBLIC_REAL
FORGE16B7832-01-BHA-061,FORGE16B7832-01,,,"No. 36 - BIT, NBS, CORE, STAB, CORE, STAB, OTHER, JAR, XO, 30 HWDP = 992.79",,,,,Utah FORGE 16B(78)-32 DDR BHA table,DAILYREPORTDETAILRPT-61-230616060124,,medium,PUBLIC_REAL
FORGE16B7832-01-BHA-062,FORGE16B7832-01,,,"No. 39 - OTHER, BS, STAB, DC, STAB, OTHER, STAB, XO, HWDP, XO, STAB, XO, 9 HWDP, XO, STAB, XO, 15 HWDP, JAR, 9 HWDP =",,,,,Utah FORGE 16B(78)-32 DDR BHA table,DAILYREPORTDETAILRPT-69-230624052343,,medium,PUBLIC_REAL
FORGE16B7832-01-BHA-063,FORGE16B7832-01,,,"No. 19 - BIT, MMTR, RR, PC, DCM, MWD, 2 PC, 3 OTHER, XO, 28 HWDP = 986.19",,,,,Utah FORGE 16B(78)-32 DDR BHA table,DAILYREPORTDETAILRPT-39-230525052909,,medium,PUBLIC_REAL
FORGE16B7832-01-BHA-064,FORGE16B7832-01,,,"No. 45 - BIT, BS, XO, 33 HWDP = 1016.45",,,,,Utah FORGE 16B(78)-32 DDR BHA table,DAILYREPORTDETAILRPT-230709064148,,medium,PUBLIC_REAL
