casing_id,wellbore_id,run_id,casing_type,size,weight,grade,shoe_md,shoe_tvd,top_md,top_tvd,hole_section,hole_diameter,set_time,lot,nominal_weight,source,source_document,source_page,confidence,data_origin
FORGE16B7832-01-CAS-0001,FORGE16B7832-01,,FULL,16.000,84,J-55,346.2528,345.948,1.2192,,SURF,22.000,,,84,Utah FORGE 16B(78)-32 DDR casing table,20230428-DAILYREPORT12DETAILRPT-230428052948,,high,PUBLIC_REAL
FORGE16B7832-01-CAS-0002,FORGE16B7832-01,,FULL,16.000,84,J-55,346.2528,345.948,1.2192,,SURF,22.000,,,84,Utah FORGE 16B(78)-32 DDR casing table,20230429-DAILYREPORT-13-DETAILRPT-230429055018,,high,PUBLIC_REAL
FORGE16B7832-01-CAS-0003,FORGE16B7832-01,,FULL,16.000,84,J-55,346.2528,345.948,1.2192,,SURF,22.000,,,84,Utah FORGE 16B(78)-32 DDR casing table,20230430-DAILYREPORT14DETAILRPT-230430060919,,high,PUBLIC_REAL
FORGE16B7832-01-CAS-0004,FORGE16B7832-01,,FULL,16.000,84,J-55,346.2528,345.948,1.2192,,SURF,22.000,,,84,Utah FORGE 16B(78)-32 DDR casing table,20230501-DAILYREPORT15DETAILRPT-230501064742,,high,PUBLIC_REAL
FORGE16B7832-01-CAS-0005,FORGE16B7832-01,,FULL,16.000,84,J-55,346.2528,345.948,1.2192,,SURF,22.000,,,84,Utah FORGE 16B(78)-32 DDR casing table,20230502-DAILYREPORT16DETAILRPT-230502065544,,high,PUBLIC_REAL
FORGE16B7832-01-CAS-0006,FORGE16B7832-01,,FULL,16.000,84,J-55,346.2528,345.948,1.2192,,SURF,22.000,,,84,Utah FORGE 16B(78)-32 DDR casing table,20230503-DAILYREPORT17DETAILRPT-230503103709,,high,PUBLIC_REAL
FORGE16B7832-01-CAS-0007,FORGE16B7832-01,,FULL,16.000,84,OTHER,346.2528,345.948,1.2192,,SURF,22.000,,,84,Utah FORGE 16B(78)-32 DDR casing table,20230504-DAILYREPORT18DETAILRPT-230504075441,,high,PUBLIC_REAL
FORGE16B7832-01-CAS-0008,FORGE16B7832-01,,FULL,11.750,65,OTHER,1474.3176,1474.3176,-0.9144,0.9144,INT1,14.750,,,65,Utah FORGE 16B(78)-32 DDR casing table,20230504-DAILYREPORT18DETAILRPT-230504075441,,high,PUBLIC_REAL
FORGE16B7832-01-CAS-0009,FORGE16B7832-01,,FULL,16.000,84,OTHER,346.2528,345.948,1.2192,,SURF,22.000,,,84,Utah FORGE 16B(78)-32 DDR casing table,20230505-DAILYREPORT19DETAILRPT-230505063805,,high,PUBLIC_REAL
FORGE16B7832-01-CAS-0010,FORGE16B7832-01,,FULL,11.750,65,OTHER,1474.3176,1474.3176,-0.9144,0.9144,INT1,14.750,,,65,Utah FORGE 16B(78)-32 DDR casing table,20230505-DAILYREPORT19DETAILRPT-230505063805,,high,PUBLIC_REAL
FORGE16B7832-01-CAS-0011,FORGE16B7832-01,,FULL,16.000,84,OTHER,346.2528,345.948,1.2192,,SURF,22.000,,,84,Utah FORGE 16B(78)-32 DDR casing table,20230506-DAILYREPORT20DETAILRPT-230506063409,,high,PUBLIC_REAL
FORGE16B7832-01-CAS-0012,FORGE16B7832-01,,FULL,11.750,65,OTHER,1474.3176,1474.3176,-0.9144,0.9144,INT1,14.750,,,65,Utah FORGE 16B(78)-32 DDR casing table,20230506-DAILYREPORT20DETAILRPT-230506063409,,high,PUBLIC_REAL
FORGE16B7832-01-CAS-0013,FORGE16B7832-01,,FULL,16.000,84,OTHER,346.2528,345.948,1.2192,,SURF,22.000,,,84,Utah FORGE 16B(78)-32 DDR casing table,20230507-DAILYREPORT21DETAILRPT-230507063231,,high,PUBLIC_REAL
FORGE16B7832-01-CAS-0014,FORGE16B7832-01,,FULL,11.750,65,OTHER,1474.3176,1474.3176,-0.9144,0.9144,INT1,14.750,,,65,Utah FORGE 16B(78)-32 DDR casing table,20230507-DAILYREPORT21DETAILRPT-230507063231,,high,PUBLIC_REAL
FORGE16B7832-01-CAS-0015,FORGE16B7832-01,,FULL,16.000,84,OTHER,346.2528,345.948,1.2192,,SURF,22.000,,,84,Utah FORGE 16B(78)-32 DDR casing table,20230508-DAILYREPORT22DETAILRPT-230508063413,,high,PUBLIC_REAL
FORGE16B7832-01-CAS-0016,FORGE16B7832-01,,FULL,11.750,65,OTHER,1474.3176,1474.3176,-0.9144,0.9144,INT1,14.750,,,65,Utah FORGE 16B(78)-32 DDR casing table,20230508-DAILYREPORT22DETAILRPT-230508063413,,high,PUBLIC_REAL
FORGE16B7832-01-CAS-0017,FORGE16B7832-01,,FULL,16.000,84,OTHER,346.2528,345.948,1.2192,,SURF,22.000,,,84,Utah FORGE 16B(78)-32 DDR casing table,DAILYREPORT-43DETAILRPT-230529060954,,high,PUBLIC_REAL
FORGE16B7832-01-CAS-0018,FORGE16B7832-01,,FULL,11.750,65,OTHER,1474.3176,1474.3176,-0.9144,0.9144,INT1,14.750,,,65,Utah FORGE 16B(78)-32 DDR casing table,DAILYREPORT-43DETAILRPT-230529060954,,high,PUBLIC_REAL
FORGE16B7832-01-CAS-0019,FORGE16B7832-01,,FULL,16.000,84,OTHER,346.2528,345.948,1.2192,,SURF,22.000,,,84,Utah FORGE 16B(78)-32 DDR casing table,DAILYREPORT-70DETAILRPT-230625065833,,high,PUBLIC_REAL
FORGE16B7832-01-CAS-0020,FORGE16B7832-01,,FULL,11.750,65,OTHER,1474.3176,1474.3176,-0.9144,0.9144,INT1,14.750,,,65,Utah FORGE 16B(78)-32 DDR casing table,DAILYREPORT-70DETAILRPT-230625065833,,high,PUBLIC_REAL
FORGE16B7832-01-CAS-0021,FORGE16B7832-01,,FULL,16.000,84,OTHER,346.2528,345.948,1.2192,,SURF,22.000,,,84,Utah FORGE 16B(78)-32 DDR casing table,DAILYREPORT-72DETAILRPT-230627054928,,high,PUBLIC_REAL
FORGE16B7832-01-CAS-0022,FORGE16B7832-01,,FULL,11.750,65,OTHER,1474.3176,1474.3176,-0.9144,0.9144,INT1,14.750,,,65,Utah FORGE 16B(78)-32 DDR casing table,DAILYREPORT-72DETAILRPT-230627054928,,high,PUBLIC_REAL
FORGE16B7832-01-CAS-0023,FORGE16B7832-01,,FULL,16.000,84,OTHER,346.2528,345.948,1.2192,,SURF,22.000,,,84,Utah FORGE 16B(78)-32 DDR casing table,DAILYREPORT-73DETAILRPT-230628060220,,high,PUBLIC_REAL
FORGE16B7832-01-CAS-0024,FORGE16B7832-01,,FULL,11.750,65,OTHER,1474.3176,1474.3176,-0.9144,0.9144,INT1,14.750,,,65,Utah FORGE 16B(78)-32 DDR casing table,DAILYREPORT-73DETAILRPT-230628060220,,high,PUBLIC_REAL
FORGE16B7832-01-CAS-0025,FORGE16B7832-01,,FULL,16.000,84,OTHER,346.2528,345.948,1.2192,,SURF,22.000,,,84,Utah FORGE 16B(78)-32 DDR casing table,DAILYREPORT-74DETAILRPT-230629063544,,high,PUBLIC_REAL
FORGE16B7832-01-CAS-0026,FORGE16B7832-01,,FULL,11.750,65,OTHER,1474.3176,1474.3176,-0.9144,0.9144,INT1,14.750,,,65,Utah FORGE 16B(78)-32 DDR casing table,DAILYREPORT-74DETAILRPT-230629063544,,high,PUBLIC_REAL
FORGE16B7832-01-CAS-0027,FORGE16B7832-01,,FULL,16.000,84,OTHER,346.2528,345.948,1.2192,,SURF,22.000,,,84,Utah FORGE 16B(78)-32 DDR casing table,DAILYREPORT-75DETAILRPT-230630060337,,high,PUBLIC_REAL
FORGE16B7832-01-CAS-0028,FORGE16B7832-01,,FULL,11.750,65,OTHER,1474.3176,1474.3176,-0.9144,0.9144,INT1,14.750,,,65,Utah FORGE 16B(78)-32 DDR casing table,DAILYREPORT-75DETAILRPT-230630060337,,high,PUBLIC_REAL
FORGE16B7832-01-CAS-0029,FORGE16B7832-01,,FULL,16.000,84,OTHER,346.2528,345.948,1.2192,,SURF,22.000,,,84,Utah FORGE 16B(78)-32 DDR casing table,DAILYREPORT-76DETAILRPT-230701062002,,high,PUBLIC_REAL
FORGE16B7832-01-CAS-0030,FORGE16B7832-01,,FULL,11.750,65,OTHER,1474.3176,1474.3176,-0.9144,0.9144,INT1,14.750,,,65,Utah FORGE 16B(78)-32 DDR casing table,DAILYREPORT-76DETAILRPT-230701062002,,high,PUBLIC_REAL
FORGE16B7832-01-CAS-0031,FORGE16B7832-01,,FULL,16.000,84,OTHER,346.2528,345.948,1.2192,,SURF,22.000,,,84,Utah FORGE 16B(78)-32 DDR casing table,DAILYREPORT-77DETAILRPT-230702060222,,high,PUBLIC_REAL
FORGE16B7832-01-CAS-0032,FORGE16B7832-01,,FULL,11.750,65,OTHER,1474.3176,1474.3176,-0.9144,0.9144,INT1,14.750,,,65,Utah FORGE 16B(78)-32 DDR casing table,DAILYREPORT-77DETAILRPT-230702060222,,high,PUBLIC_REAL
FORGE16B7832-01-CAS-0033,FORGE16B7832-01,,FULL,16.000,84,OTHER,346.2528,345.948,1.2192,,SURF,22.000,,,84,Utah FORGE 16B(78)-32 DDR casing table,DAILYREPORT-79DETAILRPT-230704052452,,high,PUBLIC_REAL
FORGE16B7832-01-CAS-0034,FORGE16B7832-01,,FULL,11.750,65,OTHER,1474.3176,1474.3176,-0.9144,0.9144,INT1,14.750,,,65,Utah FORGE 16B(78)-32 DDR casing table,DAILYREPORT-79DETAILRPT-230704052452,,high,PUBLIC_REAL
FORGE16B7832-01-CAS-0035,FORGE16B7832-01,,FULL,16.000,84,OTHER,346.2528,345.948,1.2192,,SURF,22.000,,,84,Utah FORGE 16B(78)-32 DDR casing table,DAILYREPORT-80DETAILRPT-230705055834,,high,PUBLIC_REAL
FORGE16B7832-01-CAS-0036,FORGE16B7832-01,,FULL,11.750,65,OTHER,1474.3176,1474.3176,-0.9144,0.9144,INT1,14.750,,,65,Utah FORGE 16B(78)-32 DDR casing table,DAILYREPORT-80DETAILRPT-230705055834,,high,PUBLIC_REAL
FORGE16B7832-01-CAS-0037,FORGE16B7832-01,,FULL,16.000,84,OTHER,346.2528,345.948,1.2192,,SURF,22.000,,,84,Utah FORGE 16B(78)-32 DDR casing table,DAILYREPORT-81DETAILRPT-230706065212,,high,PUBLIC_REAL
FORGE16B7832-01-CAS-0038,FORGE16B7832-01,,FULL,11.750,65,OTHER,1474.3176,1474.3176,-0.9144,0.9144,INT1,14.750,,,65,Utah FORGE 16B(78)-32 DDR casing table,DAILYREPORT-81DETAILRPT-230706065212,,high,PUBLIC_REAL
FORGE16B7832-01-CAS-0039,FORGE16B7832-01,,FULL,16.000,84,OTHER,346.2528,345.948,1.2192,,SURF,22.000,,,84,Utah FORGE 16B(78)-32 DDR casing table,DAILYREPORT-82DETAILRPT-230707061126,,high,PUBLIC_REAL
FORGE16B7832-01-CAS-0040,FORGE16B7832-01,,FULL,11.750,65,OTHER,1474.3176,1474.3176,-0.9144,0.9144,INT1,14.750,,,65,Utah FORGE 16B(78)-32 DDR casing table,DAILYREPORT-82DETAILRPT-230707061126,,high,PUBLIC_REAL
FORGE16B7832-01-CAS-0041,FORGE16B7832-01,,FULL,16.000,84,OTHER,346.2528,345.948,1.2192,,SURF,22.000,,,84,Utah FORGE 16B(78)-32 DDR casing table,DAILYREPORT-83DETAILRPT-230708060816,,high,PUBLIC_REAL
FORGE16B7832-01-CAS-0042,FORGE16B7832-01,,FULL,11.750,65,OTHER,1474.3176,1474.3176,-0.9144,0.9144,INT1,14.750,,,65,Utah FORGE 16B(78)-32 DDR casing table,DAILYREPORT-83DETAILRPT-230708060816,,high,PUBLIC_REAL
FORGE16B7832-01-CAS-0043,FORGE16B7832-01,,FULL,16.000,84,OTHER,346.2528,345.948,1.2192,,SURF,22.000,,,84,Utah FORGE 16B(78)-32 DDR casing table,DAILYREPORT-85DETAILRPT-230710060755,,high,PUBLIC_REAL
FORGE16B7832-01-CAS-0044,FORGE16B7832-01,,FULL,11.750,65,OTHER,1474.3176,1474.3176,-0.9144,0.9144,INT1,14.750,,,65,Utah FORGE 16B(78)-32 DDR casing table,DAILYREPORT-85DETAILRPT-230710060755,,high,PUBLIC_REAL
FORGE16B7832-01-CAS-0045,FORGE16B7832-01,,FULL,16.000,84,OTHER,346.2528,345.948,1.2192,,SURF,22.000,,,84,Utah FORGE 16B(78)-32 DDR casing table,DAILYREPORT-86DETAILRPT-230711063150,,high,PUBLIC_REAL
FORGE16B7832-01-CAS-0046,FORGE16B7832-01,,FULL,11.750,65,OTHER,1474.3176,1474.3176,-0.9144,0.9144,INT1,14.750,,,65,Utah FORGE 16B(78)-32 DDR casing table,DAILYREPORT-86DETAILRPT-230711063150,,high,PUBLIC_REAL
FORGE16B7832-01-CAS-0047,FORGE16B7832-01,,FULL,16.000,84,OTHER,346.2528,345.948,1.2192,,SURF,22.000,,,84,Utah FORGE 16B(78)-32 DDR casing table,DAILYREPORT-87DETAILRPT-230712063952,,high,PUBLIC_REAL
FORGE16B7832-01-CAS-0048,FORGE16B7832-01,,FULL,11.750,65,OTHER,1474.3176,1474.3176,-0.9144,0.9144,INT1,14.750,,,65,Utah FORGE 16B(78)-32 DDR casing table,DAILYREPORT-87DETAILRPT-230712063952,,high,PUBLIC_REAL
FORGE16B7832-01-CAS-0049,FORGE16B7832-01,,FULL,16.000,84,OTHER,346.2528,345.948,1.2192,,SURF,22.000,,,84,Utah FORGE 16B(78)-32 DDR casing table,DAILYREPORT-88DETAILRPT-230713055640,,high,PUBLIC_REAL
FORGE16B7832-01-CAS-0050,FORGE16B7832-01,,FULL,11.750,65,OTHER,1474.3176,1474.3176,-0.9144,0.9144,INT1,14.750,,,65,Utah FORGE 16B(78)-32 DDR casing table,DAILYREPORT-88DETAILRPT-230713055640,,high,PUBLIC_REAL
FORGE16B7832-01-CAS-0051,FORGE16B7832-01,,FULL,16.000,84,OTHER,346.2528,345.948,1.2192,,SURF,22.000,,,84,Utah FORGE 16B(78)-32 DDR casing table,DAILYREPORT-89DETAILRPT-230714062930,,high,PUBLIC_REAL
FORGE16B7832-01-CAS-0052,FORGE16B7832-01,,FULL,11.750,65,OTHER,1474.3176,1474.3176,-0.9144,0.9144,INT1,14.750,,,65,Utah FORGE 16B(78)-32 DDR casing table,DAILYREPORT-89DETAILRPT-230714062930,,high,PUBLIC_REAL
FORGE16B7832-01-CAS-0053,FORGE16B7832-01,,FULL,16.000,84,OTHER,346.2528,345.948,1.2192,,SURF,22.000,,,84,Utah FORGE 16B(78)-32 DDR casing table,DAILYREPORT-90DETAILRPT-230715061816,,high,PUBLIC_REAL
FORGE16B7832-01-CAS-0054,FORGE16B7832-01,,FULL,11.750,65,OTHER,1474.3176,1474.3176,-0.9144,0.9144,INT1,14.750,,,65,Utah FORGE 16B(78)-32 DDR casing table,DAILYREPORT-90DETAILRPT-230715061816,,high,PUBLIC_REAL
FORGE16B7832-01-CAS-0055,FORGE16B7832-01,,FULL,16.000,84,OTHER,346.2528,345.948,1.2192,,SURF,22.000,,,84,Utah FORGE 16B(78)-32 DDR casing table,DAILYREPORT-91DETAILRPT-230716062037,,high,PUBLIC_REAL
FORGE16B7832-01-CAS-0056,FORGE16B7832-01,,FULL,11.750,65,OTHER,1474.3176,1474.3176,-0.9144,0.9144,INT1,14.750,,,65,Utah FORGE 16B(78)-32 DDR casing table,DAILYREPORT-91DETAILRPT-230716062037,,high,PUBLIC_REAL
FORGE16B7832-01-CAS-0057,FORGE16B7832-01,,FULL,16.000,84,OTHER,346.2528,345.948,1.2192,,SURF,22.000,,,84,Utah FORGE 16B(78)-32 DDR casing table,DAILYREPORT-92DETAILRPT-230717055645,,high,PUBLIC_REAL
FORGE16B7832-01-CAS-0058,FORGE16B7832-01,,FULL,11.750,65,OTHER,1474.3176,1474.3176,-0.9144,0.9144,INT1,14.750,,,65,Utah FORGE 16B(78)-32 DDR casing table,DAILYREPORT-92DETAILRPT-230717055645,,high,PUBLIC_REAL
FORGE16B7832-01-CAS-0059,FORGE16B7832-01,,FULL,16.000,84,OTHER,346.2528,345.948,1.2192,,SURF,22.000,,,84,Utah FORGE 16B(78)-32 DDR casing table,DAILYREPORT-93DETAILRPT-230718051919,,high,PUBLIC_REAL
FORGE16B7832-01-CAS-0060,FORGE16B7832-01,,FULL,11.750,65,OTHER,1474.3176,1474.3176,-0.9144,0.9144,INT1,14.750,,,65,Utah FORGE 16B(78)-32 DDR casing table,DAILYREPORT-93DETAILRPT-230718051919,,high,PUBLIC_REAL
FORGE16B7832-01-CAS-0061,FORGE16B7832-01,,FULL,16.000,84,OTHER,346.2528,345.948,1.2192,,SURF,22.000,,,84,Utah FORGE 16B(78)-32 DDR casing table,DAILYREPORT-94DETAILRPT-230719061746,,high,PUBLIC_REAL
FORGE16B7832-01-CAS-0062,FORGE16B7832-01,,FULL,11.750,65,OTHER,1474.3176,1474.3176,-0.9144,0.9144,INT1,14.750,,,65,Utah FORGE 16B(78)-32 DDR casing table,DAILYREPORT-94DETAILRPT-230719061746,,high,PUBLIC_REAL
FORGE16B7832-01-CAS-0063,FORGE16B7832-01,,FULL,16.000,84,OTHER,346.2528,345.948,1.2192,,SURF,22.000,,,84,Utah FORGE 16B(78)-32 DDR casing table,DAILYREPORT-95DETAILRPT-230720063801,,high,PUBLIC_REAL
FORGE16B7832-01-CAS-0064,FORGE16B7832-01,,FULL,11.750,65,OTHER,1474.3176,1474.3176,-0.9144,0.9144,INT1,14.750,,,65,Utah FORGE 16B(78)-32 DDR casing table,DAILYREPORT-95DETAILRPT-230720063801,,high,PUBLIC_REAL
FORGE16B7832-01-CAS-0065,FORGE16B7832-01,,FULL,16.000,84,OTHER,346.2528,345.948,1.2192,,SURF,22.000,,,84,Utah FORGE 16B(78)-32 DDR casing table,DAILYREPORT-96DETAILRPT-230721061944,,high,PUBLIC_REAL
FORGE16B7832-01-CAS-0066,FORGE16B7832-01,,FULL,11.750,65,OTHER,1474.3176,1474.3176,-0.9144,0.9144,INT1,14.750,,,65,Utah FORGE 16B(78)-32 DDR casing table,DAILYREPORT-96DETAILRPT-230721061944,,high,PUBLIC_REAL
FORGE16B7832-01-CAS-0067,FORGE16B7832-01,,FULL,16.000,84,OTHER,346.2528,345.948,1.2192,,SURF,22.000,,,84,Utah FORGE 16B(78)-32 DDR casing table,DAILYREPORT-97DETAILRPT-230722063232,,high,PUBLIC_REAL
FORGE16B7832-01-CAS-0068,FORGE16B7832-01,,FULL,11.750,65,OTHER,1474.3176,1474.3176,-0.9144,0.9144,INT1,14.750,,,65,Utah FORGE 16B(78)-32 DDR casing table,DAILYREPORT-97DETAILRPT-230722063232,,high,PUBLIC_REAL
FORGE16B7832-01-CAS-0069,FORGE16B7832-01,,FULL,16.000,84,OTHER,346.2528,345.948,1.2192,,SURF,22.000,,,84,Utah FORGE 16B(78)-32 DDR casing table,DAILYREPORT23DETAILRPT-230509061452,,high,PUBLIC_REAL
FORGE16B7832-01-CAS-0070,FORGE16B7832-01,,FULL,11.750,65,OTHER,1474.3176,1474.3176,-0.9144,0.9144,INT1,14.750,,,65,Utah FORGE 16B(78)-32 DDR casing table,DAILYREPORT23DETAILRPT-230509061452,,high,PUBLIC_REAL
FORGE16B7832-01-CAS-0071,FORGE16B7832-01,,FULL,16.000,84,OTHER,346.2528,345.948,1.2192,,SURF,22.000,,,84,Utah FORGE 16B(78)-32 DDR casing table,DAILYREPORT25DETAILRPT-230511062556,,high,PUBLIC_REAL
FORGE16B7832-01-CAS-0072,FORGE16B7832-01,,FULL,11.750,65,OTHER,1474.3176,1474.3176,-0.9144,0.9144,INT1,14.750,,,65,Utah FORGE 16B(78)-32 DDR casing table,DAILYREPORT25DETAILRPT-230511062556,,high,PUBLIC_REAL
FORGE16B7832-01-CAS-0073,FORGE16B7832-01,,FULL,16.000,84,OTHER,346.2528,345.948,1.2192,,SURF,22.000,,,84,Utah FORGE 16B(78)-32 DDR casing table,DAILYREPORT26DETAILRPT-230512063715,,high,PUBLIC_REAL
FORGE16B7832-01-CAS-0074,FORGE16B7832-01,,FULL,11.750,65,OTHER,1474.3176,1474.3176,-0.9144,0.9144,INT1,14.750,,,65,Utah FORGE 16B(78)-32 DDR casing table,DAILYREPORT26DETAILRPT-230512063715,,high,PUBLIC_REAL
FORGE16B7832-01-CAS-0075,FORGE16B7832-01,,FULL,16.000,84,OTHER,346.2528,345.948,1.2192,,SURF,22.000,,,84,Utah FORGE 16B(78)-32 DDR casing table,DAILYREPORT27DETAILRPT-230513061903,,high,PUBLIC_REAL
FORGE16B7832-01-CAS-0076,FORGE16B7832-01,,FULL,11.750,65,OTHER,1474.3176,1474.3176,-0.9144,0.9144,INT1,14.750,,,65,Utah FORGE 16B(78)-32 DDR casing table,DAILYREPORT27DETAILRPT-230513061903,,high,PUBLIC_REAL
FORGE16B7832-01-CAS-0077,FORGE16B7832-01,,FULL,16.000,84,OTHER,346.2528,345.948,1.2192,,SURF,22.000,,,84,Utah FORGE 16B(78)-32 DDR casing table,DAILYREPORT30DETAILRPT-230516080552,,high,PUBLIC_REAL
FORGE16B7832-01-CAS-0078,FORGE16B7832-01,,FULL,11.750,65,OTHER,1474.3176,1474.3176,-0.9144,0.9144,INT1,14.750,,,65,Utah FORGE 16B(78)-32 DDR casing table,DAILYREPORT30DETAILRPT-230516080552,,high,PUBLIC_REAL
FORGE16B7832-01-CAS-0079,FORGE16B7832-01,,FULL,16.000,84,OTHER,346.2528,345.948,1.2192,,SURF,22.000,,,84,Utah FORGE 16B(78)-32 DDR casing table,DAILYREPORT31DETAILRPT-230517063926,,high,PUBLIC_REAL
FORGE16B7832-01-CAS-0080,FORGE16B7832-01,,FULL,11.750,65,OTHER,1474.3176,1474.3176,-0.9144,0.9144,INT1,14.750,,,65,Utah FORGE 16B(78)-32 DDR casing table,DAILYREPORT31DETAILRPT-230517063926,,high,PUBLIC_REAL
FORGE16B7832-01-CAS-0081,FORGE16B7832-01,,FULL,16.000,84,OTHER,346.2528,345.948,1.2192,,SURF,22.000,,,84,Utah FORGE 16B(78)-32 DDR casing table,DAILYREPORT40DETAILRPT-230526094342,,high,PUBLIC_REAL
FORGE16B7832-01-CAS-0082,FORGE16B7832-01,,FULL,11.750,65,OTHER,1474.3176,1474.3176,-0.9144,0.9144,INT1,14.750,,,65,Utah FORGE 16B(78)-32 DDR casing table,DAILYREPORT40DETAILRPT-230526094342,,high,PUBLIC_REAL
FORGE16B7832-01-CAS-0083,FORGE16B7832-01,,FULL,16.000,84,OTHER,346.2528,345.948,1.2192,,SURF,22.000,,,84,Utah FORGE 16B(78)-32 DDR casing table,DAILYREPORT44DETAILRPT-230530055905,,high,PUBLIC_REAL
FORGE16B7832-01-CAS-0084,FORGE16B7832-01,,FULL,11.750,65,OTHER,1474.3176,1474.3176,-0.9144,0.9144,INT1,14.750,,,65,Utah FORGE 16B(78)-32 DDR casing table,DAILYREPORT44DETAILRPT-230530055905,,high,PUBLIC_REAL
FORGE16B7832-01-CAS-0085,FORGE16B7832-01,,FULL,16.000,84,OTHER,346.2528,345.948,1.2192,,SURF,22.000,,,84,Utah FORGE 16B(78)-32 DDR casing table,DAILYREPORT46DETAILRPT-230601111529,,high,PUBLIC_REAL
FORGE16B7832-01-CAS-0086,FORGE16B7832-01,,FULL,11.750,65,OTHER,1474.3176,1474.3176,-0.9144,0.9144,INT1,14.750,,,65,Utah FORGE 16B(78)-32 DDR casing table,DAILYREPORT46DETAILRPT-230601111529,,high,PUBLIC_REAL
FORGE16B7832-01-CAS-0087,FORGE16B7832-01,,FULL,16.000,84,OTHER,346.2528,345.948,1.2192,,SURF,22.000,,,84,Utah FORGE 16B(78)-32 DDR casing table,DAILYREPORT47DETAILRPT-230602080800,,high,PUBLIC_REAL
FORGE16B7832-01-CAS-0088,FORGE16B7832-01,,FULL,11.750,65,OTHER,1474.3176,1474.3176,-0.9144,0.9144,INT1,14.750,,,65,Utah FORGE 16B(78)-32 DDR casing table,DAILYREPORT47DETAILRPT-230602080800,,high,PUBLIC_REAL
FORGE16B7832-01-CAS-0089,FORGE16B7832-01,,FULL,16.000,84,OTHER,346.2528,345.948,1.2192,,SURF,22.000,,,84,Utah FORGE 16B(78)-32 DDR casing table,DAILYREPORT48DETAILRPT-230603062858,,high,PUBLIC_REAL
FORGE16B7832-01-CAS-0090,FORGE16B7832-01,,FULL,11.750,65,OTHER,1474.3176,1474.3176,-0.9144,0.9144,INT1,14.750,,,65,Utah FORGE 16B(78)-32 DDR casing table,DAILYREPORT48DETAILRPT-230603062858,,high,PUBLIC_REAL
FORGE16B7832-01-CAS-0091,FORGE16B7832-01,,FULL,16.000,84,OTHER,346.2528,345.948,1.2192,,SURF,22.000,,,84,Utah FORGE 16B(78)-32 DDR casing table,DAILYREPORT49DETAILRPT-230604061931,,high,PUBLIC_REAL
FORGE16B7832-01-CAS-0092,FORGE16B7832-01,,FULL,11.750,65,OTHER,1474.3176,1474.3176,-0.9144,0.9144,INT1,14.750,,,65,Utah FORGE 16B(78)-32 DDR casing table,DAILYREPORT49DETAILRPT-230604061931,,high,PUBLIC_REAL
FORGE16B7832-01-CAS-0093,FORGE16B7832-01,,FULL,16.000,84,OTHER,346.2528,345.948,1.2192,,SURF,22.000,,,84,Utah FORGE 16B(78)-32 DDR casing table,DAILYREPORT50DETAILRPT-230605061902,,high,PUBLIC_REAL
FORGE16B7832-01-CAS-0094,FORGE16B7832-01,,FULL,11.750,65,OTHER,1474.3176,1474.3176,-0.9144,0.9144,INT1,14.750,,,65,Utah FORGE 16B(78)-32 DDR casing table,DAILYREPORT50DETAILRPT-230605061902,,high,PUBLIC_REAL
FORGE16B7832-01-CAS-0095,FORGE16B7832-01,,FULL,16.000,84,OTHER,346.2528,345.948,1.2192,,SURF,22.000,,,84,Utah FORGE 16B(78)-32 DDR casing table,DAILYREPORT51DETAILRPT-230606063940,,high,PUBLIC_REAL
FORGE16B7832-01-CAS-0096,FORGE16B7832-01,,FULL,11.750,65,OTHER,1474.3176,1474.3176,-0.9144,0.9144,INT1,14.750,,,65,Utah FORGE 16B(78)-32 DDR casing table,DAILYREPORT51DETAILRPT-230606063940,,high,PUBLIC_REAL
FORGE16B7832-01-CAS-0097,FORGE16B7832-01,,FULL,16.000,84,OTHER,346.2528,345.948,1.2192,,SURF,22.000,,,84,Utah FORGE 16B(78)-32 DDR casing table,DAILYREPORT52DETAILRPT-230607061827,,high,PUBLIC_REAL
FORGE16B7832-01-CAS-0098,FORGE16B7832-01,,FULL,11.750,65,OTHER,1474.3176,1474.3176,-0.9144,0.9144,INT1,14.750,,,65,Utah FORGE 16B(78)-32 DDR casing table,DAILYREPORT52DETAILRPT-230607061827,,high,PUBLIC_REAL
FORGE16B7832-01-CAS-0099,FORGE16B7832-01,,FULL,16.000,84,OTHER,346.2528,345.948,1.2192,,SURF,22.000,,,84,Utah FORGE 16B(78)-32 DDR casing table,DAILYREPORT53DETAILRPT-230608060749,,high,PUBLIC_REAL
FORGE16B7832-01-CAS-0100,FORGE16B7832-01,,FULL,11.750,65,OTHER,1474.3176,1474.3176,-0.9144,0.9144,INT1,14.750,,,65,Utah FORGE 16B(78)-32 DDR casing table,DAILYREPORT53DETAILRPT-230608060749,,high,PUBLIC_REAL
FORGE16B7832-01-CAS-0101,FORGE16B7832-01,,FULL,16.000,84,OTHER,346.2528,345.948,1.2192,,SURF,22.000,,,84,Utah FORGE 16B(78)-32 DDR casing table,DAILYREPORT54DETAILRPT-230609062442,,high,PUBLIC_REAL
FORGE16B7832-01-CAS-0102,FORGE16B7832-01,,FULL,11.750,65,OTHER,1474.3176,1474.3176,-0.9144,0.9144,INT1,14.750,,,65,Utah FORGE 16B(78)-32 DDR casing table,DAILYREPORT54DETAILRPT-230609062442,,high,PUBLIC_REAL
FORGE16B7832-01-CAS-0103,FORGE16B7832-01,,FULL,16.000,84,OTHER,346.2528,345.948,1.2192,,SURF,22.000,,,84,Utah FORGE 16B(78)-32 DDR casing table,DAILYREPORT55DETAILRPT-230610061813,,high,PUBLIC_REAL
FORGE16B7832-01-CAS-0104,FORGE16B7832-01,,FULL,11.750,65,OTHER,1474.3176,1474.3176,-0.9144,0.9144,INT1,14.750,,,65,Utah FORGE 16B(78)-32 DDR casing table,DAILYREPORT55DETAILRPT-230610061813,,high,PUBLIC_REAL
FORGE16B7832-01-CAS-0105,FORGE16B7832-01,,FULL,16.000,84,OTHER,346.2528,345.948,1.2192,,SURF,22.000,,,84,Utah FORGE 16B(78)-32 DDR casing table,DAILYREPORT56DETAILRPT-230611061358,,high,PUBLIC_REAL
FORGE16B7832-01-CAS-0106,FORGE16B7832-01,,FULL,11.750,65,OTHER,1474.3176,1474.3176,-0.9144,0.9144,INT1,14.750,,,65,Utah FORGE 16B(78)-32 DDR casing table,DAILYREPORT56DETAILRPT-230611061358,,high,PUBLIC_REAL
FORGE16B7832-01-CAS-0107,FORGE16B7832-01,,FULL,16.000,84,OTHER,346.2528,345.948,1.2192,,SURF,22.000,,,84,Utah FORGE 16B(78)-32 DDR casing table,DAILYREPORT57DETAILRPT-230612062828,,high,PUBLIC_REAL
FORGE16B7832-01-CAS-0108,FORGE16B7832-01,,FULL,11.750,65,OTHER,1474.3176,1474.3176,-0.9144,0.9144,INT1,14.750,,,65,Utah FORGE 16B(78)-32 DDR casing table,DAILYREPORT57DETAILRPT-230612062828,,high,PUBLIC_REAL
FORGE16B7832-01-CAS-0109,FORGE16B7832-01,,FULL,16.000,84,OTHER,346.2528,345.948,1.2192,,SURF,22.000,,,84,Utah FORGE 16B(78)-32 DDR casing table,DAILYREPORT58DETAILRPT-230613061359,,high,PUBLIC_REAL
FORGE16B7832-01-CAS-0110,FORGE16B7832-01,,FULL,11.750,65,OTHER,1474.3176,1474.3176,-0.9144,0.9144,INT1,14.750,,,65,Utah FORGE 16B(78)-32 DDR casing table,DAILYREPORT58DETAILRPT-230613061359,,high,PUBLIC_REAL
FORGE16B7832-01-CAS-0111,FORGE16B7832-01,,FULL,16.000,84,OTHER,346.2528,345.948,1.2192,,SURF,22.000,,,84,Utah FORGE 16B(78)-32 DDR casing table,DAILYREPORT59DETAILRPT-230614061516,,high,PUBLIC_REAL
FORGE16B7832-01-CAS-0112,FORGE16B7832-01,,FULL,11.750,65,OTHER,1474.3176,1474.3176,-0.9144,0.9144,INT1,14.750,,,65,Utah FORGE 16B(78)-32 DDR casing table,DAILYREPORT59DETAILRPT-230614061516,,high,PUBLIC_REAL
FORGE16B7832-01-CAS-0113,FORGE16B7832-01,,FULL,16.000,84,OTHER,346.2528,345.948,1.2192,,SURF,22.000,,,84,Utah FORGE 16B(78)-32 DDR casing table,DAILYREPORT71DETAILRPT-230626051434,,high,PUBLIC_REAL
FORGE16B7832-01-CAS-0114,FORGE16B7832-01,,FULL,11.750,65,OTHER,1474.3176,1474.3176,-0.9144,0.9144,INT1,14.750,,,65,Utah FORGE 16B(78)-32 DDR casing table,DAILYREPORT71DETAILRPT-230626051434,,high,PUBLIC_REAL
FORGE16B7832-01-CAS-0115,FORGE16B7832-01,,FULL,16.000,84,OTHER,346.2528,345.948,1.2192,,SURF,22.000,,,84,Utah FORGE 16B(78)-32 DDR casing table,DAILYREPORT78DETAILRPT-230703060819,,high,PUBLIC_REAL
FORGE16B7832-01-CAS-0116,FORGE16B7832-01,,FULL,11.750,65,OTHER,1474.3176,1474.3176,-0.9144,0.9144,INT1,14.750,,,65,Utah FORGE 16B(78)-32 DDR casing table,DAILYREPORT78DETAILRPT-230703060819,,high,PUBLIC_REAL
FORGE16B7832-01-CAS-0117,FORGE16B7832-01,,FULL,16.000,84,OTHER,346.2528,345.948,1.2192,,SURF,22.000,,,84,Utah FORGE 16B(78)-32 DDR casing table,DAILYREPORTDETAILRPT-33-230519050545,,high,PUBLIC_REAL
FORGE16B7832-01-CAS-0118,FORGE16B7832-01,,FULL,11.750,65,OTHER,1474.3176,1474.3176,-0.9144,0.9144,INT1,14.750,,,65,Utah FORGE 16B(78)-32 DDR casing table,DAILYREPORTDETAILRPT-33-230519050545,,high,PUBLIC_REAL
FORGE16B7832-01-CAS-0119,FORGE16B7832-01,,FULL,16.000,84,OTHER,346.2528,345.948,1.2192,,SURF,22.000,,,84,Utah FORGE 16B(78)-32 DDR casing table,DAILYREPORTDETAILRPT-34-230520052957,,high,PUBLIC_REAL
FORGE16B7832-01-CAS-0120,FORGE16B7832-01,,FULL,11.750,65,OTHER,1474.3176,1474.3176,-0.9144,0.9144,INT1,14.750,,,65,Utah FORGE 16B(78)-32 DDR casing table,DAILYREPORTDETAILRPT-34-230520052957,,high,PUBLIC_REAL
FORGE16B7832-01-CAS-0121,FORGE16B7832-01,,FULL,16.000,84,OTHER,346.2528,345.948,1.2192,,SURF,22.000,,,84,Utah FORGE 16B(78)-32 DDR casing table,DAILYREPORTDETAILRPT-35-230521052958,,high,PUBLIC_REAL
FORGE16B7832-01-CAS-0122,FORGE16B7832-01,,FULL,11.750,65,OTHER,1474.3176,1474.3176,-0.9144,0.9144,INT1,14.750,,,65,Utah FORGE 16B(78)-32 DDR casing table,DAILYREPORTDETAILRPT-35-230521052958,,high,PUBLIC_REAL
FORGE16B7832-01-CAS-0123,FORGE16B7832-01,,FULL,16.000,84,OTHER,346.2528,345.948,1.2192,,SURF,22.000,,,84,Utah FORGE 16B(78)-32 DDR casing table,DAILYREPORTDETAILRPT-36-230518060545,,high,PUBLIC_REAL
FORGE16B7832-01-CAS-0124,FORGE16B7832-01,,FULL,11.750,65,OTHER,1474.3176,1474.3176,-0.9144,0.9144,INT1,14.750,,,65,Utah FORGE 16B(78)-32 DDR casing table,DAILYREPORTDETAILRPT-36-230518060545,,high,PUBLIC_REAL
FORGE16B7832-01-CAS-0125,FORGE16B7832-01,,FULL,16.000,84,OTHER,346.2528,345.948,1.2192,,SURF,22.000,,,84,Utah FORGE 16B(78)-32 DDR casing table,DAILYREPORTDETAILRPT-36-230522054046,,high,PUBLIC_REAL
FORGE16B7832-01-CAS-0126,FORGE16B7832-01,,FULL,11.750,65,OTHER,1474.3176,1474.3176,-0.9144,0.9144,INT1,14.750,,,65,Utah FORGE 16B(78)-32 DDR casing table,DAILYREPORTDETAILRPT-36-230522054046,,high,PUBLIC_REAL
FORGE16B7832-01-CAS-0127,FORGE16B7832-01,,FULL,16.000,84,OTHER,346.2528,345.948,1.2192,,SURF,22.000,,,84,Utah FORGE 16B(78)-32 DDR casing table,DAILYREPORTDETAILRPT-37-230523052741,,high,PUBLIC_REAL
FORGE16B7832-01-CAS-0128,FORGE16B7832-01,,FULL,11.750,65,OTHER,1474.3176,1474.3176,-0.9144,0.9144,INT1,14.750,,,65,Utah FORGE 16B(78)-32 DDR casing table,DAILYREPORTDETAILRPT-37-230523052741,,high,PUBLIC_REAL
FORGE16B7832-01-CAS-0129,FORGE16B7832-01,,FULL,16.000,84,OTHER,346.2528,345.948,1.2192,,SURF,22.000,,,84,Utah FORGE 16B(78)-32 DDR casing table,DAILYREPORTDETAILRPT-38-230524053033,,high,PUBLIC_REAL
FORGE16B7832-01-CAS-0130,FORGE16B7832-01,,FULL,11.750,65,OTHER,1474.3176,1474.3176,-0.9144,0.9144,INT1,14.750,,,65,Utah FORGE 16B(78)-32 DDR casing table,DAILYREPORTDETAILRPT-38-230524053033,,high,PUBLIC_REAL
FORGE16B7832-01-CAS-0131,FORGE16B7832-01,,FULL,16.000,84,OTHER,346.2528,345.948,1.2192,,SURF,22.000,,,84,Utah FORGE 16B(78)-32 DDR casing table,DAILYREPORTDETAILRPT-42-230528042704,,high,PUBLIC_REAL
FORGE16B7832-01-CAS-0132,FORGE16B7832-01,,FULL,11.750,65,OTHER,1474.3176,1474.3176,-0.9144,0.9144,INT1,14.750,,,65,Utah FORGE 16B(78)-32 DDR casing table,DAILYREPORTDETAILRPT-42-230528042704,,high,PUBLIC_REAL
FORGE16B7832-01-CAS-0133,FORGE16B7832-01,,FULL,16.000,84,OTHER,346.2528,345.948,1.2192,,SURF,22.000,,,84,Utah FORGE 16B(78)-32 DDR casing table,DAILYREPORTDETAILRPT-62-230617045223,,high,PUBLIC_REAL
FORGE16B7832-01-CAS-0134,FORGE16B7832-01,,FULL,11.750,65,OTHER,1474.3176,1474.3176,-0.9144,0.9144,INT1,14.750,,,65,Utah FORGE 16B(78)-32 DDR casing table,DAILYREPORTDETAILRPT-62-230617045223,,high,PUBLIC_REAL
FORGE16B7832-01-CAS-0135,FORGE16B7832-01,,FULL,16.000,84,OTHER,346.2528,345.948,1.2192,,SURF,22.000,,,84,Utah FORGE 16B(78)-32 DDR casing table,DAILYREPORTDETAILRPT-63-230618054755,,high,PUBLIC_REAL
FORGE16B7832-01-CAS-0136,FORGE16B7832-01,,FULL,11.750,65,OTHER,1474.3176,1474.3176,-0.9144,0.9144,INT1,14.750,,,65,Utah FORGE 16B(78)-32 DDR casing table,DAILYREPORTDETAILRPT-63-230618054755,,high,PUBLIC_REAL
FORGE16B7832-01-CAS-0137,FORGE16B7832-01,,FULL,16.000,84,OTHER,346.2528,345.948,1.2192,,SURF,22.000,,,84,Utah FORGE 16B(78)-32 DDR casing table,DAILYREPORTDETAILRPT-65-230620054749,,high,PUBLIC_REAL
FORGE16B7832-01-CAS-0138,FORGE16B7832-01,,FULL,11.750,65,OTHER,1474.3176,1474.3176,-0.9144,0.9144,INT1,14.750,,,65,Utah FORGE 16B(78)-32 DDR casing table,DAILYREPORTDETAILRPT-65-230620054749,,high,PUBLIC_REAL
FORGE16B7832-01-CAS-0139,FORGE16B7832-01,,FULL,16.000,84,OTHER,346.2528,345.948,1.2192,,SURF,22.000,,,84,Utah FORGE 16B(78)-32 DDR casing table,DAILYREPORTDETAILRPT-68-230623051445,,high,PUBLIC_REAL
FORGE16B7832-01-CAS-0140,FORGE16B7832-01,,FULL,11.750,65,OTHER,1474.3176,1474.3176,-0.9144,0.9144,INT1,14.750,,,65,Utah FORGE 16B(78)-32 DDR casing table,DAILYREPORTDETAILRPT-68-230623051445,,high,PUBLIC_REAL
FORGE16B7832-01-CAS-0141,FORGE16B7832-01,,FULL,16.000,84,OTHER,346.2528,345.948,1.2192,,SURF,22.000,,,84,Utah FORGE 16B(78)-32 DDR casing table,DAILYREPORTDETAILRPT-41-230527052454,,high,PUBLIC_REAL
FORGE16B7832-01-CAS-0142,FORGE16B7832-01,,FULL,11.750,65,OTHER,1474.3176,1474.3176,-0.9144,0.9144,INT1,14.750,,,65,Utah FORGE 16B(78)-32 DDR casing table,DAILYREPORTDETAILRPT-41-230527052454,,high,PUBLIC_REAL
FORGE16B7832-01-CAS-0143,FORGE16B7832-01,,FULL,16.000,84,OTHER,346.2528,345.948,1.2192,,SURF,22.000,,,84,Utah FORGE 16B(78)-32 DDR casing table,DAILYREPORTDETAILRPT-60-230615051233,,high,PUBLIC_REAL
FORGE16B7832-01-CAS-0144,FORGE16B7832-01,,FULL,11.750,65,OTHER,1474.3176,1474.3176,-0.9144,0.9144,INT1,14.750,,,65,Utah FORGE 16B(78)-32 DDR casing table,DAILYREPORTDETAILRPT-60-230615051233,,high,PUBLIC_REAL
FORGE16B7832-01-CAS-0145,FORGE16B7832-01,,FULL,16.000,84,OTHER,346.2528,345.948,1.2192,,SURF,22.000,,,84,Utah FORGE 16B(78)-32 DDR casing table,DAILYREPORTDETAILRPT-66-230621051152,,high,PUBLIC_REAL
FORGE16B7832-01-CAS-0146,FORGE16B7832-01,,FULL,11.750,65,OTHER,1474.3176,1474.3176,-0.9144,0.9144,INT1,14.750,,,65,Utah FORGE 16B(78)-32 DDR casing table,DAILYREPORTDETAILRPT-66-230621051152,,high,PUBLIC_REAL
FORGE16B7832-01-CAS-0147,FORGE16B7832-01,,FULL,16.000,84,OTHER,346.2528,345.948,1.2192,,SURF,22.000,,,84,Utah FORGE 16B(78)-32 DDR casing table,DAILYREPORTDETAILRPT-67-230622050108,,high,PUBLIC_REAL
FORGE16B7832-01-CAS-0148,FORGE16B7832-01,,FULL,11.750,65,OTHER,1474.3176,1474.3176,-0.9144,0.9144,INT1,14.750,,,65,Utah FORGE 16B(78)-32 DDR casing table,DAILYREPORTDETAILRPT-67-230622050108,,high,PUBLIC_REAL
FORGE16B7832-01-CAS-0149,FORGE16B7832-01,,FULL,16.000,84,OTHER,346.2528,345.948,1.2192,,SURF,22.000,,,84,Utah FORGE 16B(78)-32 DDR casing table,DAILYREPORTDETAILRPT-61-230616060124,,high,PUBLIC_REAL
FORGE16B7832-01-CAS-0150,FORGE16B7832-01,,FULL,11.750,65,OTHER,1474.3176,1474.3176,-0.9144,0.9144,INT1,14.750,,,65,Utah FORGE 16B(78)-32 DDR casing table,DAILYREPORTDETAILRPT-61-230616060124,,high,PUBLIC_REAL
FORGE16B7832-01-CAS-0151,FORGE16B7832-01,,FULL,16.000,84,OTHER,346.2528,345.948,1.2192,,SURF,22.000,,,84,Utah FORGE 16B(78)-32 DDR casing table,DAILYREPORTDETAILRPT-69-230624052343,,high,PUBLIC_REAL
FORGE16B7832-01-CAS-0152,FORGE16B7832-01,,FULL,11.750,65,OTHER,1474.3176,1474.3176,-0.9144,0.9144,INT1,14.750,,,65,Utah FORGE 16B(78)-32 DDR casing table,DAILYREPORTDETAILRPT-69-230624052343,,high,PUBLIC_REAL
FORGE16B7832-01-CAS-0153,FORGE16B7832-01,,FULL,16.000,84,OTHER,346.2528,345.948,1.2192,,SURF,22.000,,,84,Utah FORGE 16B(78)-32 DDR casing table,DAILYREPORTDETAILRPT-64-230619051738,,high,PUBLIC_REAL
FORGE16B7832-01-CAS-0154,FORGE16B7832-01,,FULL,11.750,65,OTHER,1474.3176,1474.3176,-0.9144,0.9144,INT1,14.750,,,65,Utah FORGE 16B(78)-32 DDR casing table,DAILYREPORTDETAILRPT-64-230619051738,,high,PUBLIC_REAL
FORGE16B7832-01-CAS-0155,FORGE16B7832-01,,FULL,16.000,84,OTHER,346.2528,345.948,1.2192,,SURF,22.000,,,84,Utah FORGE 16B(78)-32 DDR casing table,DAILYREPORTDETAILRPT-39-230525052909,,high,PUBLIC_REAL
FORGE16B7832-01-CAS-0156,FORGE16B7832-01,,FULL,11.750,65,OTHER,1474.3176,1474.3176,-0.9144,0.9144,INT1,14.750,,,65,Utah FORGE 16B(78)-32 DDR casing table,DAILYREPORTDETAILRPT-39-230525052909,,high,PUBLIC_REAL
FORGE16B7832-01-CAS-0157,FORGE16B7832-01,,FULL,16.000,84,OTHER,346.2528,345.948,1.2192,,SURF,22.000,,,84,Utah FORGE 16B(78)-32 DDR casing table,DAILYREPORTDETAILRPT-230709064148,,high,PUBLIC_REAL
FORGE16B7832-01-CAS-0158,FORGE16B7832-01,,FULL,11.750,65,OTHER,1474.3176,1474.3176,-0.9144,0.9144,INT1,14.750,,,65,Utah FORGE 16B(78)-32 DDR casing table,DAILYREPORTDETAILRPT-230709064148,,high,PUBLIC_REAL
