run_id,wellbore_id,bit_id,bha_id,start_md,end_md,start_time,end_time,run_type,section,hole_diameter,source,source_document,confidence,data_origin
FORGE16B7832-01-RUN-1,FORGE16B7832-01,,,35.8231,54.5226,2023-04-26T02:30:10,2023-04-26T03:13:20,DRILLING,,,"Pason 10-second data, connection segmentation",,high,PUBLIC_REAL
FORGE16B7832-01-RUN-2,FORGE16B7832-01,,,61.0819,61.5696,2023-04-26T03:18:40,2023-04-26T03:20:00,DRILLING,,,"Pason 10-second data, connection segmentation",,high,PUBLIC_REAL
FORGE16B7832-01-RUN-3,FORGE16B7832-01,,,61.6367,81.9668,2023-04-26T03:39:20,2023-04-26T04:00:50,DRILLING,,,"Pason 10-second data, connection segmentation",,high,PUBLIC_REAL
FORGE16B7832-01-RUN-4,FORGE16B7832-01,,,89.1723,110.1791,2023-04-26T04:21:20,2023-04-26T04:40:20,DRILLING,,,"Pason 10-second data, connection segmentation",,high,PUBLIC_REAL
FORGE16B7832-01-RUN-5,FORGE16B7832-01,,,117.1377,140.0922,2023-04-26T05:00:50,2023-04-26T05:21:50,DRILLING,,,"Pason 10-second data, connection segmentation",,high,PUBLIC_REAL
FORGE16B7832-01-RUN-6,FORGE16B7832-01,,,145.1458,145.2555,2023-04-26T05:33:10,2023-04-26T05:34:20,DRILLING,,,"Pason 10-second data, connection segmentation",,high,PUBLIC_REAL
FORGE16B7832-01-RUN-7,FORGE16B7832-01,,,145.7066,166.0581,2023-04-26T05:45:50,2023-04-26T06:04:50,DRILLING,,,"Pason 10-second data, connection segmentation",,high,PUBLIC_REAL
FORGE16B7832-01-RUN-8,FORGE16B7832-01,,,173.9402,191.6369,2023-04-26T06:29:10,2023-04-26T06:46:20,DRILLING,,,"Pason 10-second data, connection segmentation",,high,PUBLIC_REAL
FORGE16B7832-01-RUN-9,FORGE16B7832-01,,,201.5825,218.9226,2023-04-26T07:06:10,2023-04-26T07:21:40,DRILLING,,,"Pason 10-second data, connection segmentation",,high,PUBLIC_REAL
FORGE16B7832-01-RUN-10,FORGE16B7832-01,,,229.618,233.0592,2023-04-26T08:25:40,2023-04-26T08:28:00,DRILLING,,,"Pason 10-second data, connection segmentation",,high,PUBLIC_REAL
FORGE16B7832-01-RUN-11,FORGE16B7832-01,,,233.3061,246.0894,2023-04-26T08:36:30,2023-04-26T08:45:10,DRILLING,,,"Pason 10-second data, connection segmentation",,high,PUBLIC_REAL
FORGE16B7832-01-RUN-12,FORGE16B7832-01,,,246.2052,251.8044,2023-04-26T08:59:40,2023-04-26T09:10:50,DRILLING,,,"Pason 10-second data, connection segmentation",,high,PUBLIC_REAL
FORGE16B7832-01-RUN-13,FORGE16B7832-01,,,257.1659,279.1755,2023-04-26T09:23:20,2023-04-26T09:54:30,DRILLING,,,"Pason 10-second data, connection segmentation",,high,PUBLIC_REAL
FORGE16B7832-01-RUN-14,FORGE16B7832-01,,,285.9176,309.9084,2023-04-26T10:11:50,2023-04-26T10:45:00,DRILLING,,,"Pason 10-second data, connection segmentation",,high,PUBLIC_REAL
FORGE16B7832-01-RUN-15,FORGE16B7832-01,,,314.9346,343.8144,2023-04-26T11:49:10,2023-04-26T12:27:30,DRILLING,,,"Pason 10-second data, connection segmentation",,high,PUBLIC_REAL
FORGE16B7832-01-RUN-16,FORGE16B7832-01,,,343.8784,349.2947,2023-04-26T12:52:10,2023-04-26T12:59:40,DRILLING,,,"Pason 10-second data, connection segmentation",,high,PUBLIC_REAL
FORGE16B7832-01-RUN-17,FORGE16B7832-01,,,349.38,351.6203,2023-04-28T01:25:30,2023-04-28T01:31:50,DRILLING,,,"Pason 10-second data, connection segmentation",,high,PUBLIC_REAL
FORGE16B7832-01-RUN-18,FORGE16B7832-01,,,352.0958,352.3458,2023-04-29T07:49:50,2023-04-29T07:51:10,DRILLING,,,"Pason 10-second data, connection segmentation",,high,PUBLIC_REAL
FORGE16B7832-01-RUN-19,FORGE16B7832-01,,,352.3579,360.2096,2023-04-29T11:28:50,2023-04-29T11:47:30,DRILLING,,,"Pason 10-second data, connection segmentation",,high,PUBLIC_REAL
FORGE16B7832-01-RUN-20,FORGE16B7832-01,,,360.2614,371.9231,2023-04-29T21:31:00,2023-04-29T21:34:10,DRILLING,,,"Pason 10-second data, connection segmentation",,high,PUBLIC_REAL
FORGE16B7832-01-RUN-21,FORGE16B7832-01,,,371.9413,393.7193,2023-04-29T21:43:10,2023-04-29T21:50:30,DRILLING,,,"Pason 10-second data, connection segmentation",,high,PUBLIC_REAL
FORGE16B7832-01-RUN-22,FORGE16B7832-01,,,393.7406,400.9095,2023-04-29T21:56:50,2023-04-29T21:58:40,DRILLING,,,"Pason 10-second data, connection segmentation",,high,PUBLIC_REAL
FORGE16B7832-01-RUN-23,FORGE16B7832-01,,,400.9309,428.2745,2023-04-29T22:15:10,2023-04-29T22:19:50,DRILLING,,,"Pason 10-second data, connection segmentation",,high,PUBLIC_REAL
FORGE16B7832-01-RUN-24,FORGE16B7832-01,,,428.3476,429.8899,2023-04-29T22:34:40,2023-04-29T22:35:20,DRILLING,,,"Pason 10-second data, connection segmentation",,high,PUBLIC_REAL
FORGE16B7832-01-RUN-25,FORGE16B7832-01,,,429.896,456.5477,2023-04-29T23:45:20,2023-04-29T23:49:10,DRILLING,,,"Pason 10-second data, connection segmentation",,high,PUBLIC_REAL
FORGE16B7832-01-RUN-26,FORGE16B7832-01,,,456.8708,458.6813,2023-04-29T23:58:10,2023-04-29T23:58:30,DRILLING,,,"Pason 10-second data, connection segmentation",,high,PUBLIC_REAL
FORGE16B7832-01-RUN-27,FORGE16B7832-01,,,459.3549,487.555,2023-04-30T00:04:10,2023-04-30T00:10:30,DRILLING,,,"Pason 10-second data, connection segmentation",,high,PUBLIC_REAL
FORGE16B7832-01-RUN-28,FORGE16B7832-01,,,487.7227,503.9624,2023-04-30T01:21:30,2023-04-30T01:26:10,DRILLING,,,"Pason 10-second data, connection segmentation",,high,PUBLIC_REAL
FORGE16B7832-01-RUN-29,FORGE16B7832-01,,,504.2916,516.3495,2023-04-30T01:30:00,2023-04-30T01:34:10,DRILLING,,,"Pason 10-second data, connection segmentation",,high,PUBLIC_REAL
FORGE16B7832-01-RUN-30,FORGE16B7832-01,,,516.9408,545.0616,2023-04-30T01:44:30,2023-04-30T01:53:20,DRILLING,,,"Pason 10-second data, connection segmentation",,high,PUBLIC_REAL
FORGE16B7832-01-RUN-31,FORGE16B7832-01,,,545.147,573.7921,2023-04-30T02:00:10,2023-04-30T02:09:40,DRILLING,,,"Pason 10-second data, connection segmentation",,high,PUBLIC_REAL
FORGE16B7832-01-RUN-32,FORGE16B7832-01,,,574.0207,602.742,2023-04-30T02:17:30,2023-04-30T02:33:10,DRILLING,,,"Pason 10-second data, connection segmentation",,high,PUBLIC_REAL
FORGE16B7832-01-RUN-33,FORGE16B7832-01,,,604.5586,608.9264,2023-04-30T02:40:30,2023-04-30T02:48:20,DRILLING,,,"Pason 10-second data, connection segmentation",,high,PUBLIC_REAL
FORGE16B7832-01-RUN-34,FORGE16B7832-01,,,609.027,633.3714,2023-04-30T02:55:20,2023-04-30T03:04:50,DRILLING,,,"Pason 10-second data, connection segmentation",,high,PUBLIC_REAL
FORGE16B7832-01-RUN-35,FORGE16B7832-01,,,633.6944,662.1658,2023-04-30T03:21:20,2023-04-30T03:29:10,DRILLING,,,"Pason 10-second data, connection segmentation",,high,PUBLIC_REAL
FORGE16B7832-01-RUN-36,FORGE16B7832-01,,,662.3395,690.8566,2023-04-30T03:36:20,2023-04-30T03:46:40,DRILLING,,,"Pason 10-second data, connection segmentation",,high,PUBLIC_REAL
FORGE16B7832-01-RUN-37,FORGE16B7832-01,,,691.2407,719.898,2023-04-30T03:55:10,2023-04-30T04:06:00,DRILLING,,,"Pason 10-second data, connection segmentation",,high,PUBLIC_REAL
FORGE16B7832-01-RUN-38,FORGE16B7832-01,,,719.9803,748.6863,2023-04-30T04:12:30,2023-04-30T04:33:00,DRILLING,,,"Pason 10-second data, connection segmentation",,high,PUBLIC_REAL
FORGE16B7832-01-RUN-39,FORGE16B7832-01,,,748.8387,777.493,2023-04-30T04:44:30,2023-04-30T04:59:20,DRILLING,,,"Pason 10-second data, connection segmentation",,high,PUBLIC_REAL
FORGE16B7832-01-RUN-40,FORGE16B7832-01,,,777.4991,806.2295,2023-04-30T05:12:10,2023-04-30T05:35:40,DRILLING,,,"Pason 10-second data, connection segmentation",,high,PUBLIC_REAL
FORGE16B7832-01-RUN-41,FORGE16B7832-01,,,806.2387,812.3225,2023-04-30T05:54:30,2023-04-30T06:23:10,DRILLING,,,"Pason 10-second data, connection segmentation",,high,PUBLIC_REAL
FORGE16B7832-01-RUN-42,FORGE16B7832-01,,,812.356,836.3712,2023-04-30T06:27:20,2023-04-30T06:52:20,DRILLING,,,"Pason 10-second data, connection segmentation",,high,PUBLIC_REAL
FORGE16B7832-01-RUN-43,FORGE16B7832-01,,,836.6059,865.2937,2023-04-30T06:59:40,2023-04-30T07:25:10,DRILLING,,,"Pason 10-second data, connection segmentation",,high,PUBLIC_REAL
FORGE16B7832-01-RUN-44,FORGE16B7832-01,,,865.3729,894.1064,2023-04-30T07:32:20,2023-04-30T08:13:40,DRILLING,,,"Pason 10-second data, connection segmentation",,high,PUBLIC_REAL
FORGE16B7832-01-RUN-45,FORGE16B7832-01,,,894.146,922.8582,2023-04-30T08:43:00,2023-04-30T09:15:20,DRILLING,,,"Pason 10-second data, connection segmentation",,high,PUBLIC_REAL
FORGE16B7832-01-RUN-46,FORGE16B7832-01,,,923.0868,937.3179,2023-04-30T09:26:00,2023-04-30T09:50:20,DRILLING,,,"Pason 10-second data, connection segmentation",,high,PUBLIC_REAL
FORGE16B7832-01-RUN-47,FORGE16B7832-01,,,937.3453,951.7258,2023-04-30T11:36:10,2023-04-30T11:55:30,DRILLING,,,"Pason 10-second data, connection segmentation",,high,PUBLIC_REAL
FORGE16B7832-01-RUN-48,FORGE16B7832-01,,,951.8264,980.566,2023-04-30T13:39:20,2023-04-30T14:14:30,DRILLING,,,"Pason 10-second data, connection segmentation",,high,PUBLIC_REAL
FORGE16B7832-01-RUN-49,FORGE16B7832-01,,,981.5139,1010.3267,2023-04-30T15:12:30,2023-04-30T15:36:00,DRILLING,,,"Pason 10-second data, connection segmentation",,high,PUBLIC_REAL
FORGE16B7832-01-RUN-50,FORGE16B7832-01,,,1010.4486,1039.3253,2023-04-30T15:45:50,2023-04-30T16:05:40,DRILLING,,,"Pason 10-second data, connection segmentation",,high,PUBLIC_REAL
FORGE16B7832-01-RUN-51,FORGE16B7832-01,,,1039.365,1046.0949,2023-04-30T16:14:20,2023-04-30T16:20:30,DRILLING,,,"Pason 10-second data, connection segmentation",,high,PUBLIC_REAL
FORGE16B7832-01-RUN-52,FORGE16B7832-01,,,1046.1346,1068.1411,2023-04-30T16:25:40,2023-04-30T16:45:10,DRILLING,,,"Pason 10-second data, connection segmentation",,high,PUBLIC_REAL
FORGE16B7832-01-RUN-53,FORGE16B7832-01,,,1068.1868,1096.9813,2023-04-30T16:54:20,2023-04-30T17:26:40,DRILLING,,,"Pason 10-second data, connection segmentation",,high,PUBLIC_REAL
FORGE16B7832-01-RUN-54,FORGE16B7832-01,,,1097.0819,1126.6993,2023-04-30T17:36:20,2023-04-30T18:10:50,DRILLING,,,"Pason 10-second data, connection segmentation",,high,PUBLIC_REAL
FORGE16B7832-01-RUN-55,FORGE16B7832-01,,,1126.9218,1155.5212,2023-04-30T18:18:30,2023-04-30T18:47:30,DRILLING,,,"Pason 10-second data, connection segmentation",,high,PUBLIC_REAL
FORGE16B7832-01-RUN-56,FORGE16B7832-01,,,1155.7437,1184.5138,2023-04-30T18:55:30,2023-04-30T19:30:00,DRILLING,,,"Pason 10-second data, connection segmentation",,high,PUBLIC_REAL
FORGE16B7832-01-RUN-57,FORGE16B7832-01,,,1184.6814,1213.2534,2023-04-30T19:36:50,2023-04-30T20:16:30,DRILLING,,,"Pason 10-second data, connection segmentation",,high,PUBLIC_REAL
FORGE16B7832-01-RUN-58,FORGE16B7832-01,,,1213.2655,1219.962,2023-04-30T20:24:50,2023-04-30T20:44:00,DRILLING,,,"Pason 10-second data, connection segmentation",,high,PUBLIC_REAL
FORGE16B7832-01-RUN-59,FORGE16B7832-01,,,1220.1053,1242.6086,2023-04-30T20:49:50,2023-04-30T21:16:10,DRILLING,,,"Pason 10-second data, connection segmentation",,high,PUBLIC_REAL
FORGE16B7832-01-RUN-60,FORGE16B7832-01,,,1242.7915,1271.4793,2023-04-30T21:23:00,2023-04-30T22:08:40,DRILLING,,,"Pason 10-second data, connection segmentation",,high,PUBLIC_REAL
FORGE16B7832-01-RUN-61,FORGE16B7832-01,,,1271.5646,1300.3195,2023-04-30T22:15:30,2023-04-30T23:07:50,DRILLING,,,"Pason 10-second data, connection segmentation",,high,PUBLIC_REAL
FORGE16B7832-01-RUN-62,FORGE16B7832-01,,,1300.3926,1325.5508,2023-04-30T23:18:20,2023-05-01T00:29:50,DRILLING,,,"Pason 10-second data, connection segmentation",,high,PUBLIC_REAL
FORGE16B7832-01-RUN-63,FORGE16B7832-01,,,1325.5843,1326.9864,2023-05-01T01:12:30,2023-05-01T01:18:20,DRILLING,,,"Pason 10-second data, connection segmentation",,high,PUBLIC_REAL
FORGE16B7832-01-RUN-64,FORGE16B7832-01,,,1327.0078,1345.5853,2023-05-01T21:07:00,2023-05-01T21:28:40,DRILLING,,,"Pason 10-second data, connection segmentation",,high,PUBLIC_REAL
FORGE16B7832-01-RUN-65,FORGE16B7832-01,,,1345.6097,1351.9008,2023-05-01T21:36:50,2023-05-01T21:46:30,DRILLING,,,"Pason 10-second data, connection segmentation",,high,PUBLIC_REAL
FORGE16B7832-01-RUN-66,FORGE16B7832-01,,,1352.105,1380.683,2023-05-01T21:55:40,2023-05-01T23:21:50,DRILLING,,,"Pason 10-second data, connection segmentation",,high,PUBLIC_REAL
FORGE16B7832-01-RUN-67,FORGE16B7832-01,,,1380.7928,1381.3566,2023-05-01T23:49:50,2023-05-01T23:54:00,DRILLING,,,"Pason 10-second data, connection segmentation",,high,PUBLIC_REAL
FORGE16B7832-01-RUN-68,FORGE16B7832-01,,,1381.3841,1381.4664,2023-05-02T00:10:10,2023-05-02T00:10:50,DRILLING,,,"Pason 10-second data, connection segmentation",,high,PUBLIC_REAL
FORGE16B7832-01-RUN-69,FORGE16B7832-01,,,1381.5334,1382.9142,2023-05-02T00:25:00,2023-05-02T00:33:30,DRILLING,,,"Pason 10-second data, connection segmentation",,high,PUBLIC_REAL
FORGE16B7832-01-RUN-70,FORGE16B7832-01,,,1382.9416,1409.4988,2023-05-02T00:37:30,2023-05-02T01:57:20,DRILLING,,,"Pason 10-second data, connection segmentation",,high,PUBLIC_REAL
FORGE16B7832-01-RUN-71,FORGE16B7832-01,,,1409.6208,1439.2656,2023-05-02T02:05:50,2023-05-02T03:32:30,DRILLING,,,"Pason 10-second data, connection segmentation",,high,PUBLIC_REAL
FORGE16B7832-01-RUN-72,FORGE16B7832-01,,,1439.2991,1468.121,2023-05-02T03:49:20,2023-05-02T05:48:50,DRILLING,,,"Pason 10-second data, connection segmentation",,high,PUBLIC_REAL
FORGE16B7832-01-RUN-73,FORGE16B7832-01,,,1468.1698,1468.7824,2023-05-02T06:01:50,2023-05-02T06:03:20,DRILLING,,,"Pason 10-second data, connection segmentation",,high,PUBLIC_REAL
FORGE16B7832-01-RUN-74,FORGE16B7832-01,,,1468.8617,1476.7499,2023-05-02T08:46:20,2023-05-02T09:16:50,DRILLING,,,"Pason 10-second data, connection segmentation",,high,PUBLIC_REAL
FORGE16B7832-01-RUN-75,FORGE16B7832-01,,,1477.3046,1478.1337,2023-05-05T02:37:20,2023-05-05T02:37:40,DRILLING,,,"Pason 10-second data, connection segmentation",,high,PUBLIC_REAL
FORGE16B7832-01-RUN-76,FORGE16B7832-01,,,1478.2739,1479.7644,2023-05-05T02:56:00,2023-05-05T02:56:40,DRILLING,,,"Pason 10-second data, connection segmentation",,high,PUBLIC_REAL
FORGE16B7832-01-RUN-77,FORGE16B7832-01,,,1474.9455,1479.8162,2023-05-08T01:53:30,2023-05-08T02:34:30,DRILLING,,,"Pason 10-second data, connection segmentation",,high,PUBLIC_REAL
FORGE16B7832-01-RUN-78,FORGE16B7832-01,,,1479.9107,1484.1565,2023-05-08T23:48:40,2023-05-09T01:18:50,DRILLING,,,"Pason 10-second data, connection segmentation",,high,PUBLIC_REAL
FORGE16B7832-01-RUN-79,FORGE16B7832-01,,,1484.3699,1484.6076,2023-05-09T01:27:30,2023-05-09T01:36:50,DRILLING,,,"Pason 10-second data, connection segmentation",,high,PUBLIC_REAL
FORGE16B7832-01-RUN-80,FORGE16B7832-01,,,1484.6869,1486.6955,2023-05-09T16:07:10,2023-05-09T16:59:50,DRILLING,,,"Pason 10-second data, connection segmentation",,high,PUBLIC_REAL
FORGE16B7832-01-RUN-81,FORGE16B7832-01,,,1486.9394,1496.2327,2023-05-11T03:34:30,2023-05-11T04:43:50,DRILLING,,,"Pason 10-second data, connection segmentation",,high,PUBLIC_REAL
FORGE16B7832-01-RUN-82,FORGE16B7832-01,,,1496.2937,1496.4613,2023-05-11T04:49:20,2023-05-11T04:56:20,SLOW,,,"Pason 10-second data, connection segmentation",,high,PUBLIC_REAL
FORGE16B7832-01-RUN-83,FORGE16B7832-01,,,1496.6381,1496.7783,2023-05-11T05:04:00,2023-05-11T05:09:00,DRILLING,,,"Pason 10-second data, connection segmentation",,high,PUBLIC_REAL
FORGE16B7832-01-RUN-84,FORGE16B7832-01,,,1496.7814,1512.6797,2023-05-11T18:39:50,2023-05-11T20:32:10,DRILLING,,,"Pason 10-second data, connection segmentation",,high,PUBLIC_REAL
FORGE16B7832-01-RUN-85,FORGE16B7832-01,,,1512.698,1516.6056,2023-05-11T20:57:30,2023-05-11T21:23:00,DRILLING,,,"Pason 10-second data, connection segmentation",,high,PUBLIC_REAL
FORGE16B7832-01-RUN-86,FORGE16B7832-01,,,1516.6116,1517.4529,2023-05-11T21:27:10,2023-05-11T21:37:20,DRILLING,,,"Pason 10-second data, connection segmentation",,high,PUBLIC_REAL
FORGE16B7832-01-RUN-87,FORGE16B7832-01,,,1517.4712,1518.0442,2023-05-12T20:47:50,2023-05-12T20:56:20,DRILLING,,,"Pason 10-second data, connection segmentation",,high,PUBLIC_REAL
FORGE16B7832-01-RUN-88,FORGE16B7832-01,,,1518.0808,1522.473,2023-05-13T07:02:30,2023-05-13T07:10:00,DRILLING,,,"Pason 10-second data, connection segmentation",,high,PUBLIC_REAL
FORGE16B7832-01-RUN-89,FORGE16B7832-01,,,1522.5339,1529.6053,2023-05-13T07:21:10,2023-05-13T07:36:50,DRILLING,,,"Pason 10-second data, connection segmentation",,high,PUBLIC_REAL
FORGE16B7832-01-RUN-90,FORGE16B7832-01,,,1529.6388,1543.306,2023-05-13T07:42:40,2023-05-13T07:58:50,DRILLING,,,"Pason 10-second data, connection segmentation",,high,PUBLIC_REAL
FORGE16B7832-01-RUN-91,FORGE16B7832-01,,,1543.4066,1572.1279,2023-05-13T08:07:40,2023-05-13T08:45:00,DRILLING,,,"Pason 10-second data, connection segmentation",,high,PUBLIC_REAL
FORGE16B7832-01-RUN-92,FORGE16B7832-01,,,1572.2285,1576.5018,2023-05-13T09:10:40,2023-05-13T09:15:50,DRILLING,,,"Pason 10-second data, connection segmentation",,high,PUBLIC_REAL
FORGE16B7832-01-RUN-93,FORGE16B7832-01,,,1576.6512,1588.3524,2023-05-13T09:25:30,2023-05-13T09:45:30,DRILLING,,,"Pason 10-second data, connection segmentation",,high,PUBLIC_REAL
FORGE16B7832-01-RUN-94,FORGE16B7832-01,,,1588.4195,1589.9953,2023-05-13T10:09:40,2023-05-13T10:12:20,DRILLING,,,"Pason 10-second data, connection segmentation",,high,PUBLIC_REAL
FORGE16B7832-01-RUN-95,FORGE16B7832-01,,,1590.1629,1593.9546,2023-05-13T10:20:20,2023-05-13T10:27:10,DRILLING,,,"Pason 10-second data, connection segmentation",,high,PUBLIC_REAL
FORGE16B7832-01-RUN-96,FORGE16B7832-01,,,1594.0644,1601.4802,2023-05-13T10:51:20,2023-05-13T11:01:30,DRILLING,,,"Pason 10-second data, connection segmentation",,high,PUBLIC_REAL
FORGE16B7832-01-RUN-97,FORGE16B7832-01,,,1601.5807,1606.2533,2023-05-13T11:12:00,2023-05-13T11:18:10,DRILLING,,,"Pason 10-second data, connection segmentation",,high,PUBLIC_REAL
FORGE16B7832-01-RUN-98,FORGE16B7832-01,,,1606.3417,1612.7882,2023-05-13T22:31:20,2023-05-13T22:40:30,DRILLING,,,"Pason 10-second data, connection segmentation",,high,PUBLIC_REAL
FORGE16B7832-01-RUN-99,FORGE16B7832-01,,,1613.029,1641.6772,2023-05-13T22:51:20,2023-05-13T23:45:20,DRILLING,,,"Pason 10-second data, connection segmentation",,high,PUBLIC_REAL
FORGE16B7832-01-RUN-100,FORGE16B7832-01,,,1641.8387,1670.5326,2023-05-13T23:51:50,2023-05-14T00:37:40,DRILLING,,,"Pason 10-second data, connection segmentation",,high,PUBLIC_REAL
FORGE16B7832-01-RUN-101,FORGE16B7832-01,,,1670.5387,1681.9413,2023-05-14T01:03:20,2023-05-14T01:52:10,DRILLING,,,"Pason 10-second data, connection segmentation",,high,PUBLIC_REAL
FORGE16B7832-01-RUN-102,FORGE16B7832-01,,,1681.9748,1687.769,2023-05-14T01:56:50,2023-05-14T02:15:40,DRILLING,,,"Pason 10-second data, connection segmentation",,high,PUBLIC_REAL
FORGE16B7832-01-RUN-103,FORGE16B7832-01,,,1687.8544,1699.6745,2023-05-14T18:11:30,2023-05-14T18:52:00,DRILLING,,,"Pason 10-second data, connection segmentation",,high,PUBLIC_REAL
FORGE16B7832-01-RUN-104,FORGE16B7832-01,,,1699.7416,1700.7108,2023-05-14T18:58:10,2023-05-14T19:00:40,DRILLING,,,"Pason 10-second data, connection segmentation",,high,PUBLIC_REAL
FORGE16B7832-01-RUN-105,FORGE16B7832-01,,,1700.7474,1709.5226,2023-05-14T19:20:00,2023-05-14T19:46:30,DRILLING,,,"Pason 10-second data, connection segmentation",,high,PUBLIC_REAL
FORGE16B7832-01-RUN-106,FORGE16B7832-01,,,1709.6445,1719.0659,2023-05-14T20:01:10,2023-05-14T20:25:20,DRILLING,,,"Pason 10-second data, connection segmentation",,high,PUBLIC_REAL
FORGE16B7832-01-RUN-107,FORGE16B7832-01,,,1719.1208,1728.5787,2023-05-14T20:33:00,2023-05-14T21:06:30,DRILLING,,,"Pason 10-second data, connection segmentation",,high,PUBLIC_REAL
FORGE16B7832-01-RUN-108,FORGE16B7832-01,,,1728.8805,1738.8444,2023-05-14T21:30:40,2023-05-14T22:01:00,DRILLING,,,"Pason 10-second data, connection segmentation",,high,PUBLIC_REAL
FORGE16B7832-01-RUN-109,FORGE16B7832-01,,,1738.9114,1748.4547,2023-05-14T22:10:00,2023-05-14T22:38:10,DRILLING,,,"Pason 10-second data, connection segmentation",,high,PUBLIC_REAL
FORGE16B7832-01-RUN-110,FORGE16B7832-01,,,1748.5614,1752.9018,2023-05-14T22:46:30,2023-05-14T22:57:30,DRILLING,,,"Pason 10-second data, connection segmentation",,high,PUBLIC_REAL
FORGE16B7832-01-RUN-111,FORGE16B7832-01,,,1752.92,1757.9858,2023-05-14T23:03:30,2023-05-14T23:19:40,DRILLING,,,"Pason 10-second data, connection segmentation",,high,PUBLIC_REAL
FORGE16B7832-01-RUN-112,FORGE16B7832-01,,,1758.0529,1767.6053,2023-05-14T23:31:50,2023-05-15T00:01:30,DRILLING,,,"Pason 10-second data, connection segmentation",,high,PUBLIC_REAL
FORGE16B7832-01-RUN-113,FORGE16B7832-01,,,1767.6846,1777.2979,2023-05-15T00:09:00,2023-05-15T00:43:00,DRILLING,,,"Pason 10-second data, connection segmentation",,high,PUBLIC_REAL
FORGE16B7832-01-RUN-114,FORGE16B7832-01,,,1777.3101,1786.7742,2023-05-15T00:57:00,2023-05-15T01:34:10,DRILLING,,,"Pason 10-second data, connection segmentation",,high,PUBLIC_REAL
FORGE16B7832-01-RUN-115,FORGE16B7832-01,,,1786.8016,1796.5339,2023-05-15T01:44:50,2023-05-15T02:24:00,DRILLING,,,"Pason 10-second data, connection segmentation",,high,PUBLIC_REAL
FORGE16B7832-01-RUN-116,FORGE16B7832-01,,,1796.5491,1806.0589,2023-05-15T02:34:20,2023-05-15T03:21:50,DRILLING,,,"Pason 10-second data, connection segmentation",,high,PUBLIC_REAL
FORGE16B7832-01-RUN-117,FORGE16B7832-01,,,1806.2082,1812.039,2023-05-15T03:30:20,2023-05-15T04:01:00,DRILLING,,,"Pason 10-second data, connection segmentation",,high,PUBLIC_REAL
FORGE16B7832-01-RUN-118,FORGE16B7832-01,,,1812.0817,1815.6022,2023-05-15T04:07:40,2023-05-15T04:24:00,DRILLING,,,"Pason 10-second data, connection segmentation",,high,PUBLIC_REAL
FORGE16B7832-01-RUN-119,FORGE16B7832-01,,,1815.7454,1831.3999,2023-05-15T19:12:20,2023-05-15T19:34:50,DRILLING,,,"Pason 10-second data, connection segmentation",,high,PUBLIC_REAL
FORGE16B7832-01-RUN-120,FORGE16B7832-01,,,1823.6367,1838.8157,2023-05-15T19:47:10,2023-05-15T20:12:40,DRILLING,,,"Pason 10-second data, connection segmentation",,high,PUBLIC_REAL
FORGE16B7832-01-RUN-121,FORGE16B7832-01,,,1832.2656,1860.0572,2023-05-15T20:19:50,2023-05-15T20:44:00,DRILLING,,,"Pason 10-second data, connection segmentation",,high,PUBLIC_REAL
FORGE16B7832-01-RUN-122,FORGE16B7832-01,,,1841.9704,1856.7837,2023-05-15T21:50:30,2023-05-15T22:18:10,DRILLING,,,"Pason 10-second data, connection segmentation",,high,PUBLIC_REAL
FORGE16B7832-01-RUN-123,FORGE16B7832-01,,,1880.7806,1894.457,2023-05-15T22:27:20,2023-05-15T22:54:00,DRILLING,,,"Pason 10-second data, connection segmentation",,high,PUBLIC_REAL
FORGE16B7832-01-RUN-124,FORGE16B7832-01,,,1890.4458,1904.0765,2023-05-15T23:02:20,2023-05-15T23:28:30,DRILLING,,,"Pason 10-second data, connection segmentation",,high,PUBLIC_REAL
FORGE16B7832-01-RUN-125,FORGE16B7832-01,,,1870.9234,1880.1344,2023-05-15T23:56:10,2023-05-16T00:23:40,DRILLING,,,"Pason 10-second data, connection segmentation",,high,PUBLIC_REAL
FORGE16B7832-01-RUN-126,FORGE16B7832-01,,,1880.1679,1889.8118,2023-05-16T00:31:20,2023-05-16T00:59:30,DRILLING,,,"Pason 10-second data, connection segmentation",,high,PUBLIC_REAL
FORGE16B7832-01-RUN-127,FORGE16B7832-01,,,1889.8972,1894.7526,2023-05-16T01:08:50,2023-05-16T01:25:10,DRILLING,,,"Pason 10-second data, connection segmentation",,high,PUBLIC_REAL
FORGE16B7832-01-RUN-128,FORGE16B7832-01,,,1894.8471,1899.3642,2023-05-16T01:32:10,2023-05-16T01:47:20,DRILLING,,,"Pason 10-second data, connection segmentation",,high,PUBLIC_REAL
FORGE16B7832-01-RUN-129,FORGE16B7832-01,,,1899.4953,1904.9848,2023-05-16T01:57:50,2023-05-16T02:17:00,DRILLING,,,"Pason 10-second data, connection segmentation",,high,PUBLIC_REAL
FORGE16B7832-01-RUN-130,FORGE16B7832-01,,,1905.0975,1909.13,2023-05-16T02:23:20,2023-05-16T02:36:40,DRILLING,,,"Pason 10-second data, connection segmentation",,high,PUBLIC_REAL
FORGE16B7832-01-RUN-131,FORGE16B7832-01,,,1909.2184,1919.3256,2023-05-16T02:44:10,2023-05-16T03:20:30,DRILLING,,,"Pason 10-second data, connection segmentation",,high,PUBLIC_REAL
FORGE16B7832-01-RUN-132,FORGE16B7832-01,,,1919.5085,1928.8933,2023-05-16T03:28:20,2023-05-16T03:58:00,DRILLING,,,"Pason 10-second data, connection segmentation",,high,PUBLIC_REAL
FORGE16B7832-01-RUN-133,FORGE16B7832-01,,,1929.0213,1938.6377,2023-05-16T04:07:10,2023-05-16T04:36:30,DRILLING,,,"Pason 10-second data, connection segmentation",,high,PUBLIC_REAL
FORGE16B7832-01-RUN-134,FORGE16B7832-01,,,1938.72,1948.2816,2023-05-16T04:43:10,2023-05-16T05:15:20,DRILLING,,,"Pason 10-second data, connection segmentation",,high,PUBLIC_REAL
FORGE16B7832-01-RUN-135,FORGE16B7832-01,,,1948.3822,1957.8645,2023-05-16T05:21:30,2023-05-16T05:54:50,DRILLING,,,"Pason 10-second data, connection segmentation",,high,PUBLIC_REAL
FORGE16B7832-01-RUN-136,FORGE16B7832-01,,,1958.0108,1969.5109,2023-05-16T06:06:00,2023-05-16T06:49:40,DRILLING,,,"Pason 10-second data, connection segmentation",,high,PUBLIC_REAL
FORGE16B7832-01-RUN-137,FORGE16B7832-01,,,1969.6206,1977.4266,2023-05-16T06:58:30,2023-05-16T07:28:20,DRILLING,,,"Pason 10-second data, connection segmentation",,high,PUBLIC_REAL
FORGE16B7832-01-RUN-138,FORGE16B7832-01,,,1977.5668,1986.8175,2023-05-16T07:37:10,2023-05-16T08:21:10,DRILLING,,,"Pason 10-second data, connection segmentation",,high,PUBLIC_REAL
FORGE16B7832-01-RUN-139,FORGE16B7832-01,,,1986.9546,1995.1659,2023-05-16T08:26:40,2023-05-16T09:07:20,DRILLING,,,"Pason 10-second data, connection segmentation",,high,PUBLIC_REAL
FORGE16B7832-01-RUN-140,FORGE16B7832-01,,,1995.2482,2004.2977,2023-05-17T13:04:30,2023-05-17T13:23:10,DRILLING,,,"Pason 10-second data, connection segmentation",,high,PUBLIC_REAL
FORGE16B7832-01-RUN-141,FORGE16B7832-01,,,2004.438,2012.2774,2023-05-17T13:48:30,2023-05-17T14:03:00,DRILLING,,,"Pason 10-second data, connection segmentation",,high,PUBLIC_REAL
FORGE16B7832-01-RUN-142,FORGE16B7832-01,,,2012.2926,2014.6884,2023-05-17T14:34:40,2023-05-17T14:40:50,DRILLING,,,"Pason 10-second data, connection segmentation",,high,PUBLIC_REAL
FORGE16B7832-01-RUN-143,FORGE16B7832-01,,,2014.7036,2015.0724,2023-05-18T00:05:20,2023-05-18T00:22:10,SLOW,,,"Pason 10-second data, connection segmentation",,high,PUBLIC_REAL
FORGE16B7832-01-RUN-144,FORGE16B7832-01,,,2014.9444,2022.351,2023-05-18T00:46:50,2023-05-18T01:02:50,DRILLING,,,"Pason 10-second data, connection segmentation",,high,PUBLIC_REAL
FORGE16B7832-01-RUN-145,FORGE16B7832-01,,,2022.4852,2032.7783,2023-05-18T01:12:30,2023-05-18T01:33:50,DRILLING,,,"Pason 10-second data, connection segmentation",,high,PUBLIC_REAL
FORGE16B7832-01-RUN-146,FORGE16B7832-01,,,2032.8575,2041.2121,2023-05-18T01:47:50,2023-05-18T02:10:50,DRILLING,,,"Pason 10-second data, connection segmentation",,high,PUBLIC_REAL
FORGE16B7832-01-RUN-147,FORGE16B7832-01,,,2041.3248,2050.2463,2023-05-18T02:27:40,2023-05-18T02:55:20,DRILLING,,,"Pason 10-second data, connection segmentation",,high,PUBLIC_REAL
FORGE16B7832-01-RUN-148,FORGE16B7832-01,,,2050.3256,2058.7137,2023-05-18T03:11:30,2023-05-18T03:42:30,DRILLING,,,"Pason 10-second data, connection segmentation",,high,PUBLIC_REAL
FORGE16B7832-01-RUN-149,FORGE16B7832-01,,,2058.7625,2061.6794,2023-05-18T05:46:30,2023-05-18T05:56:20,DRILLING,,,"Pason 10-second data, connection segmentation",,high,PUBLIC_REAL
FORGE16B7832-01-RUN-150,FORGE16B7832-01,,,2061.8409,2062.5237,2023-05-18T06:25:50,2023-05-18T06:29:30,DRILLING,,,"Pason 10-second data, connection segmentation",,high,PUBLIC_REAL
FORGE16B7832-01-RUN-151,FORGE16B7832-01,,,2062.6761,2063.6514,2023-05-18T07:03:40,2023-05-18T07:04:50,DRILLING,,,"Pason 10-second data, connection segmentation",,high,PUBLIC_REAL
FORGE16B7832-01-RUN-152,FORGE16B7832-01,,,2063.7307,2064.4592,2023-05-18T08:10:20,2023-05-18T08:11:00,DRILLING,,,"Pason 10-second data, connection segmentation",,high,PUBLIC_REAL
FORGE16B7832-01-RUN-153,FORGE16B7832-01,,,2064.5018,2065.7911,2023-05-18T13:25:30,2023-05-18T13:26:50,DRILLING,,,"Pason 10-second data, connection segmentation",,high,PUBLIC_REAL
FORGE16B7832-01-RUN-154,FORGE16B7832-01,,,2065.8003,2066.4617,2023-05-18T17:45:30,2023-05-18T17:51:10,DRILLING,,,"Pason 10-second data, connection segmentation",,high,PUBLIC_REAL
FORGE16B7832-01-RUN-155,FORGE16B7832-01,,,2066.5562,2070.4881,2023-05-18T18:30:20,2023-05-18T18:42:00,DRILLING,,,"Pason 10-second data, connection segmentation",,high,PUBLIC_REAL
FORGE16B7832-01-RUN-156,FORGE16B7832-01,,,2070.5003,2079.7114,2023-05-18T19:02:30,2023-05-18T19:37:00,DRILLING,,,"Pason 10-second data, connection segmentation",,high,PUBLIC_REAL
FORGE16B7832-01-RUN-157,FORGE16B7832-01,,,2079.8607,2089.5168,2023-05-18T20:11:40,2023-05-18T20:52:50,DRILLING,,,"Pason 10-second data, connection segmentation",,high,PUBLIC_REAL
FORGE16B7832-01-RUN-158,FORGE16B7832-01,,,2089.6661,2108.9295,2023-05-18T21:16:30,2023-05-18T22:42:00,DRILLING,,,"Pason 10-second data, connection segmentation",,high,PUBLIC_REAL
FORGE16B7832-01-RUN-159,FORGE16B7832-01,,,2108.9844,2118.4027,2023-05-18T22:53:20,2023-05-18T23:47:40,DRILLING,,,"Pason 10-second data, connection segmentation",,high,PUBLIC_REAL
FORGE16B7832-01-RUN-160,FORGE16B7832-01,,,2118.4453,2138.111,2023-05-20T07:01:00,2023-05-20T07:53:50,DRILLING,,,"Pason 10-second data, connection segmentation",,high,PUBLIC_REAL
FORGE16B7832-01-RUN-161,FORGE16B7832-01,,,2138.1842,2167.1036,2023-05-20T08:10:50,2023-05-20T09:43:40,DRILLING,,,"Pason 10-second data, connection segmentation",,high,PUBLIC_REAL
FORGE16B7832-01-RUN-162,FORGE16B7832-01,,,2167.1097,2195.9834,2023-05-20T09:52:10,2023-05-20T11:32:10,DRILLING,,,"Pason 10-second data, connection segmentation",,high,PUBLIC_REAL
FORGE16B7832-01-RUN-163,FORGE16B7832-01,,,2196.0048,2224.9394,2023-05-20T11:41:20,2023-05-20T13:23:40,DRILLING,,,"Pason 10-second data, connection segmentation",,high,PUBLIC_REAL
FORGE16B7832-01-RUN-164,FORGE16B7832-01,,,2224.979,2253.8558,2023-05-20T13:33:00,2023-05-20T15:43:00,DRILLING,,,"Pason 10-second data, connection segmentation",,high,PUBLIC_REAL
FORGE16B7832-01-RUN-165,FORGE16B7832-01,,,2253.8741,2270.757,2023-05-20T15:51:40,2023-05-20T17:10:00,DRILLING,,,"Pason 10-second data, connection segmentation",,high,PUBLIC_REAL
FORGE16B7832-01-RUN-166,FORGE16B7832-01,,,2270.8728,2282.9185,2023-05-20T17:17:00,2023-05-20T18:19:00,DRILLING,,,"Pason 10-second data, connection segmentation",,high,PUBLIC_REAL
FORGE16B7832-01-RUN-167,FORGE16B7832-01,,,2282.9977,2285.9512,2023-05-20T18:32:00,2023-05-20T18:46:20,DRILLING,,,"Pason 10-second data, connection segmentation",,high,PUBLIC_REAL
FORGE16B7832-01-RUN-168,FORGE16B7832-01,,,2286.003,2311.5971,2023-05-20T18:50:40,2023-05-20T20:55:30,DRILLING,,,"Pason 10-second data, connection segmentation",,high,PUBLIC_REAL
FORGE16B7832-01-RUN-169,FORGE16B7832-01,,,2311.7068,2327.529,2023-05-21T10:44:40,2023-05-21T10:57:40,DRILLING,,,"Pason 10-second data, connection segmentation",,high,PUBLIC_REAL
FORGE16B7832-01-RUN-170,FORGE16B7832-01,,,2327.6022,2337.435,2023-05-21T11:09:20,2023-05-21T11:22:40,DRILLING,,,"Pason 10-second data, connection segmentation",,high,PUBLIC_REAL
FORGE16B7832-01-RUN-171,FORGE16B7832-01,,,2337.4685,2349.5691,2023-05-21T11:33:10,2023-05-21T11:46:40,DRILLING,,,"Pason 10-second data, connection segmentation",,high,PUBLIC_REAL
FORGE16B7832-01-RUN-172,FORGE16B7832-01,,,2349.6026,2356.4027,2023-05-21T12:05:10,2023-05-21T12:38:40,DRILLING,,,"Pason 10-second data, connection segmentation",,high,PUBLIC_REAL
FORGE16B7832-01-RUN-173,FORGE16B7832-01,,,2356.5246,2367.6742,2023-05-21T12:52:10,2023-05-21T13:04:40,DRILLING,,,"Pason 10-second data, connection segmentation",,high,PUBLIC_REAL
FORGE16B7832-01-RUN-174,FORGE16B7832-01,,,2367.6864,2376.9919,2023-05-21T13:16:40,2023-05-21T13:57:50,DRILLING,,,"Pason 10-second data, connection segmentation",,high,PUBLIC_REAL
FORGE16B7832-01-RUN-175,FORGE16B7832-01,,,2377.0255,2381.5578,2023-05-21T14:10:30,2023-05-21T14:34:00,DRILLING,,,"Pason 10-second data, connection segmentation",,high,PUBLIC_REAL
FORGE16B7832-01-RUN-176,FORGE16B7832-01,,,2381.7133,2385.7641,2023-05-21T14:38:20,2023-05-21T14:43:30,DRILLING,,,"Pason 10-second data, connection segmentation",,high,PUBLIC_REAL
FORGE16B7832-01-RUN-177,FORGE16B7832-01,,,2385.8372,2393.2378,2023-05-21T14:59:00,2023-05-21T15:39:20,DRILLING,,,"Pason 10-second data, connection segmentation",,high,PUBLIC_REAL
FORGE16B7832-01-RUN-178,FORGE16B7832-01,,,2393.3262,2395.4415,2023-05-21T15:43:30,2023-05-21T15:47:20,DRILLING,,,"Pason 10-second data, connection segmentation",,high,PUBLIC_REAL
FORGE16B7832-01-RUN-179,FORGE16B7832-01,,,2395.5207,2401.5253,2023-05-21T16:05:00,2023-05-21T16:37:10,DRILLING,,,"Pason 10-second data, connection segmentation",,high,PUBLIC_REAL
FORGE16B7832-01-RUN-180,FORGE16B7832-01,,,2401.5802,2405.253,2023-05-21T16:41:10,2023-05-21T16:47:30,DRILLING,,,"Pason 10-second data, connection segmentation",,high,PUBLIC_REAL
FORGE16B7832-01-RUN-181,FORGE16B7832-01,,,2405.2987,2413.0711,2023-05-21T17:00:20,2023-05-21T17:45:40,DRILLING,,,"Pason 10-second data, connection segmentation",,high,PUBLIC_REAL
FORGE16B7832-01-RUN-182,FORGE16B7832-01,,,2413.1595,2414.6378,2023-05-21T17:50:10,2023-05-21T17:52:40,DRILLING,,,"Pason 10-second data, connection segmentation",,high,PUBLIC_REAL
FORGE16B7832-01-RUN-183,FORGE16B7832-01,,,2414.6866,2418.2832,2023-05-21T18:09:00,2023-05-21T18:26:00,DRILLING,,,"Pason 10-second data, connection segmentation",,high,PUBLIC_REAL
FORGE16B7832-01-RUN-184,FORGE16B7832-01,,,2418.3716,2424.3701,2023-05-21T18:31:10,2023-05-21T18:37:50,DRILLING,,,"Pason 10-second data, connection segmentation",,high,PUBLIC_REAL
FORGE16B7832-01-RUN-185,FORGE16B7832-01,,,2424.4036,2434.3614,2023-05-21T18:48:20,2023-05-21T19:23:30,DRILLING,,,"Pason 10-second data, connection segmentation",,high,PUBLIC_REAL
FORGE16B7832-01-RUN-186,FORGE16B7832-01,,,2434.3827,2444.0601,2023-05-21T19:33:10,2023-05-21T20:13:40,DRILLING,,,"Pason 10-second data, connection segmentation",,high,PUBLIC_REAL
FORGE16B7832-01-RUN-187,FORGE16B7832-01,,,2444.0662,2445.194,2023-05-21T20:26:40,2023-05-21T20:33:10,DRILLING,,,"Pason 10-second data, connection segmentation",,high,PUBLIC_REAL
FORGE16B7832-01-RUN-188,FORGE16B7832-01,,,2445.2336,2453.9448,2023-05-21T20:40:50,2023-05-21T21:16:30,DRILLING,,,"Pason 10-second data, connection segmentation",,high,PUBLIC_REAL
FORGE16B7832-01-RUN-189,FORGE16B7832-01,,,2453.9509,2464.311,2023-05-21T21:25:00,2023-05-21T21:47:00,DRILLING,,,"Pason 10-second data, connection segmentation",,high,PUBLIC_REAL
FORGE16B7832-01-RUN-190,FORGE16B7832-01,,,2464.3659,2470.8642,2023-05-22T23:49:20,2023-05-23T00:05:10,DRILLING,,,"Pason 10-second data, connection segmentation",,high,PUBLIC_REAL
FORGE16B7832-01-RUN-191,FORGE16B7832-01,,,2470.9313,2485.0161,2023-05-23T00:19:20,2023-05-23T00:40:10,DRILLING,,,"Pason 10-second data, connection segmentation",,high,PUBLIC_REAL
FORGE16B7832-01-RUN-192,FORGE16B7832-01,,,2485.0923,2498.5706,2023-05-23T00:51:50,2023-05-23T01:03:50,DRILLING,,,"Pason 10-second data, connection segmentation",,high,PUBLIC_REAL
FORGE16B7832-01-RUN-193,FORGE16B7832-01,,,2498.5828,2516.9104,2023-05-23T01:19:40,2023-05-23T02:00:20,DRILLING,,,"Pason 10-second data, connection segmentation",,high,PUBLIC_REAL
FORGE16B7832-01-RUN-194,FORGE16B7832-01,,,2517.0049,2525.966,2023-05-23T02:27:00,2023-05-23T03:27:50,DRILLING,,,"Pason 10-second data, connection segmentation",,high,PUBLIC_REAL
FORGE16B7832-01-RUN-195,FORGE16B7832-01,,,2526.0178,2526.1794,2023-05-23T03:45:30,2023-05-23T03:49:30,DRILLING,,,"Pason 10-second data, connection segmentation",,high,PUBLIC_REAL
FORGE16B7832-01-RUN-196,FORGE16B7832-01,,,2526.1885,2534.8509,2023-05-23T03:55:10,2023-05-23T04:23:00,DRILLING,,,"Pason 10-second data, connection segmentation",,high,PUBLIC_REAL
FORGE16B7832-01-RUN-197,FORGE16B7832-01,,,2534.8783,2543.9797,2023-05-23T04:35:50,2023-05-23T05:21:10,DRILLING,,,"Pason 10-second data, connection segmentation",,high,PUBLIC_REAL
FORGE16B7832-01-RUN-198,FORGE16B7832-01,,,2547.2776,2551.7551,2023-05-23T05:32:40,2023-05-23T05:56:40,DRILLING,,,"Pason 10-second data, connection segmentation",,high,PUBLIC_REAL
FORGE16B7832-01-RUN-199,FORGE16B7832-01,,,2551.8984,2556.9123,2023-05-23T06:11:10,2023-05-23T06:16:00,DRILLING,,,"Pason 10-second data, connection segmentation",,high,PUBLIC_REAL
FORGE16B7832-01-RUN-200,FORGE16B7832-01,,,2556.9398,2566.413,2023-05-23T06:30:50,2023-05-23T07:35:50,DRILLING,,,"Pason 10-second data, connection segmentation",,high,PUBLIC_REAL
FORGE16B7832-01-RUN-201,FORGE16B7832-01,,,2566.5013,2575.4228,2023-05-23T07:47:30,2023-05-23T07:58:50,DRILLING,,,"Pason 10-second data, connection segmentation",,high,PUBLIC_REAL
FORGE16B7832-01-RUN-202,FORGE16B7832-01,,,2575.4899,2585.1917,2023-05-23T08:11:00,2023-05-23T08:21:20,DRILLING,,,"Pason 10-second data, connection segmentation",,high,PUBLIC_REAL
FORGE16B7832-01-RUN-203,FORGE16B7832-01,,,2585.3471,2587.1515,2023-05-23T08:28:10,2023-05-23T08:29:30,DRILLING,,,"Pason 10-second data, connection segmentation",,high,PUBLIC_REAL
FORGE16B7832-01-RUN-204,FORGE16B7832-01,,,2587.4411,2595.3415,2023-05-23T08:41:40,2023-05-23T08:51:10,DRILLING,,,"Pason 10-second data, connection segmentation",,high,PUBLIC_REAL
FORGE16B7832-01-RUN-205,FORGE16B7832-01,,,2595.5854,2605.1256,2023-05-23T09:23:00,2023-05-23T09:34:40,DRILLING,,,"Pason 10-second data, connection segmentation",,high,PUBLIC_REAL
FORGE16B7832-01-RUN-206,FORGE16B7832-01,,,2605.3755,2614.4708,2023-05-23T10:02:00,2023-05-23T10:14:10,DRILLING,,,"Pason 10-second data, connection segmentation",,high,PUBLIC_REAL
FORGE16B7832-01-RUN-207,FORGE16B7832-01,,,2614.4921,2616.7141,2023-05-23T10:24:00,2023-05-23T10:26:50,DRILLING,,,"Pason 10-second data, connection segmentation",,high,PUBLIC_REAL
FORGE16B7832-01-RUN-208,FORGE16B7832-01,,,2618.616,2636.8157,2023-05-25T02:40:10,2023-05-25T02:52:30,DRILLING,,,"Pason 10-second data, connection segmentation",,high,PUBLIC_REAL
FORGE16B7832-01-RUN-209,FORGE16B7832-01,,,2636.9498,2645.7067,2023-05-25T03:02:20,2023-05-25T03:08:40,DRILLING,,,"Pason 10-second data, connection segmentation",,high,PUBLIC_REAL
FORGE16B7832-01-RUN-210,FORGE16B7832-01,,,2647.8403,2665.796,2023-05-25T03:23:10,2023-05-25T03:36:50,DRILLING,,,"Pason 10-second data, connection segmentation",,high,PUBLIC_REAL
FORGE16B7832-01-RUN-211,FORGE16B7832-01,,,2665.9027,2674.6688,2023-05-25T03:46:30,2023-05-25T03:53:20,DRILLING,,,"Pason 10-second data, connection segmentation",,high,PUBLIC_REAL
FORGE16B7832-01-RUN-212,FORGE16B7832-01,,,2676.3787,2676.8176,2023-05-25T04:12:40,2023-05-25T04:13:20,DRILLING,,,"Pason 10-second data, connection segmentation",,high,PUBLIC_REAL
FORGE16B7832-01-RUN-213,FORGE16B7832-01,,,2676.8847,2686.114,2023-05-25T04:27:20,2023-05-25T05:28:00,DRILLING,,,"Pason 10-second data, connection segmentation",,high,PUBLIC_REAL
FORGE16B7832-01-RUN-214,FORGE16B7832-01,,,2686.3243,2703.7741,2023-05-25T05:34:10,2023-05-25T05:54:00,DRILLING,,,"Pason 10-second data, connection segmentation",,high,PUBLIC_REAL
FORGE16B7832-01-RUN-215,FORGE16B7832-01,,,2703.8259,2705.4749,2023-05-25T06:03:20,2023-05-25T06:05:10,DRILLING,,,"Pason 10-second data, connection segmentation",,high,PUBLIC_REAL
FORGE16B7832-01-RUN-216,FORGE16B7832-01,,,2705.5298,2706.4472,2023-05-25T06:15:30,2023-05-25T06:17:10,DRILLING,,,"Pason 10-second data, connection segmentation",,high,PUBLIC_REAL
FORGE16B7832-01-RUN-217,FORGE16B7832-01,,,2706.5539,2714.8597,2023-05-25T06:35:40,2023-05-25T07:07:00,DRILLING,,,"Pason 10-second data, connection segmentation",,high,PUBLIC_REAL
FORGE16B7832-01-RUN-218,FORGE16B7832-01,,,2715.0365,2731.008,2023-05-25T07:12:50,2023-05-25T07:37:40,DRILLING,,,"Pason 10-second data, connection segmentation",,high,PUBLIC_REAL
FORGE16B7832-01-RUN-219,FORGE16B7832-01,,,2734.9734,2735.5983,2023-05-25T07:47:10,2023-05-25T07:47:40,DRILLING,,,"Pason 10-second data, connection segmentation",,high,PUBLIC_REAL
FORGE16B7832-01-RUN-220,FORGE16B7832-01,,,2735.7354,2738.436,2023-05-25T07:55:20,2023-05-25T07:57:10,DRILLING,,,"Pason 10-second data, connection segmentation",,high,PUBLIC_REAL
FORGE16B7832-01-RUN-221,FORGE16B7832-01,,,2738.5274,2764.3196,2023-05-25T08:01:10,2023-05-25T08:32:20,DRILLING,,,"Pason 10-second data, connection segmentation",,high,PUBLIC_REAL
FORGE16B7832-01-RUN-222,FORGE16B7832-01,,,2763.2802,2763.8197,2023-05-25T08:37:30,2023-05-25T08:38:10,DRILLING,,,"Pason 10-second data, connection segmentation",,high,PUBLIC_REAL
FORGE16B7832-01-RUN-223,FORGE16B7832-01,,,2763.8502,2775.0516,2023-05-25T08:47:30,2023-05-25T09:01:00,DRILLING,,,"Pason 10-second data, connection segmentation",,high,PUBLIC_REAL
FORGE16B7832-01-RUN-224,FORGE16B7832-01,,,2773.7653,2793.4676,2023-05-25T09:11:10,2023-05-25T09:35:10,DRILLING,,,"Pason 10-second data, connection segmentation",,high,PUBLIC_REAL
FORGE16B7832-01-RUN-225,FORGE16B7832-01,,,2793.4981,2793.5682,2023-05-25T09:44:20,2023-05-25T09:46:00,DRILLING,,,"Pason 10-second data, connection segmentation",,high,PUBLIC_REAL
FORGE16B7832-01-RUN-226,FORGE16B7832-01,,,2793.6048,2802.9378,2023-05-25T09:52:40,2023-05-25T10:24:50,DRILLING,,,"Pason 10-second data, connection segmentation",,high,PUBLIC_REAL
FORGE16B7832-01-RUN-227,FORGE16B7832-01,,,2803.0048,2823.0606,2023-05-25T10:30:20,2023-05-25T10:55:30,DRILLING,,,"Pason 10-second data, connection segmentation",,high,PUBLIC_REAL
FORGE16B7832-01-RUN-228,FORGE16B7832-01,,,2821.1191,2828.672,2023-05-27T01:18:30,2023-05-27T01:30:10,DRILLING,,,"Pason 10-second data, connection segmentation",,high,PUBLIC_REAL
FORGE16B7832-01-RUN-229,FORGE16B7832-01,,,2828.8945,2835.0119,2023-05-27T01:36:20,2023-05-27T01:40:10,DRILLING,,,"Pason 10-second data, connection segmentation",,high,PUBLIC_REAL
FORGE16B7832-01-RUN-230,FORGE16B7832-01,,,2835.082,2842.0284,2023-05-27T01:46:30,2023-05-27T02:05:10,DRILLING,,,"Pason 10-second data, connection segmentation",,high,PUBLIC_REAL
FORGE16B7832-01-RUN-231,FORGE16B7832-01,,,2842.0588,2845.5366,2023-05-27T02:09:50,2023-05-27T02:12:40,DRILLING,,,"Pason 10-second data, connection segmentation",,high,PUBLIC_REAL
FORGE16B7832-01-RUN-232,FORGE16B7832-01,,,2843.3359,2864.1385,2023-05-27T02:22:10,2023-05-27T02:39:10,DRILLING,,,"Pason 10-second data, connection segmentation",,high,PUBLIC_REAL
FORGE16B7832-01-RUN-233,FORGE16B7832-01,,,2864.2666,2872.5297,2023-05-27T02:55:00,2023-05-27T03:19:10,DRILLING,,,"Pason 10-second data, connection segmentation",,high,PUBLIC_REAL
FORGE16B7832-01-RUN-234,FORGE16B7832-01,,,2872.7217,2874.8462,2023-05-27T03:23:20,2023-05-27T03:25:00,DRILLING,,,"Pason 10-second data, connection segmentation",,high,PUBLIC_REAL
FORGE16B7832-01-RUN-235,FORGE16B7832-01,,,2872.4291,2879.6285,2023-05-27T03:39:10,2023-05-27T04:03:20,DRILLING,,,"Pason 10-second data, connection segmentation",,high,PUBLIC_REAL
FORGE16B7832-01-RUN-236,FORGE16B7832-01,,,2879.6986,2883.0666,2023-05-27T04:08:10,2023-05-27T04:10:40,DRILLING,,,"Pason 10-second data, connection segmentation",,high,PUBLIC_REAL
FORGE16B7832-01-RUN-237,FORGE16B7832-01,,,2883.2129,2885.0052,2023-05-27T04:23:50,2023-05-27T04:31:10,DRILLING,,,"Pason 10-second data, connection segmentation",,high,PUBLIC_REAL
FORGE16B7832-01-RUN-238,FORGE16B7832-01,,,2885.0996,2890.391,2023-05-27T04:35:20,2023-05-27T04:55:20,DRILLING,,,"Pason 10-second data, connection segmentation",,high,PUBLIC_REAL
FORGE16B7832-01-RUN-239,FORGE16B7832-01,,,2890.4367,2893.5456,2023-05-27T05:02:00,2023-05-27T05:04:50,DRILLING,,,"Pason 10-second data, connection segmentation",,high,PUBLIC_REAL
FORGE16B7832-01-RUN-240,FORGE16B7832-01,,,2891.7412,2901.4583,2023-05-27T05:22:30,2023-05-27T05:30:40,DRILLING,,,"Pason 10-second data, connection segmentation",,high,PUBLIC_REAL
FORGE16B7832-01-RUN-241,FORGE16B7832-01,,,2901.5284,2904.9055,2023-05-27T05:38:40,2023-05-27T05:41:20,DRILLING,,,"Pason 10-second data, connection segmentation",,high,PUBLIC_REAL
FORGE16B7832-01-RUN-242,FORGE16B7832-01,,,2904.9726,2921.1209,2023-05-27T05:45:00,2023-05-27T05:59:20,DRILLING,,,"Pason 10-second data, connection segmentation",,high,PUBLIC_REAL
FORGE16B7832-01-RUN-243,FORGE16B7832-01,,,2921.3526,2930.8135,2023-05-27T06:10:30,2023-05-27T06:20:30,DRILLING,,,"Pason 10-second data, connection segmentation",,high,PUBLIC_REAL
FORGE16B7832-01-RUN-244,FORGE16B7832-01,,,2930.9842,2934.907,2023-05-27T06:30:50,2023-05-27T06:34:30,DRILLING,,,"Pason 10-second data, connection segmentation",,high,PUBLIC_REAL
FORGE16B7832-01-RUN-245,FORGE16B7832-01,,,2934.9222,2947.6629,2023-05-27T06:41:50,2023-05-27T07:36:10,DRILLING,,,"Pason 10-second data, connection segmentation",,high,PUBLIC_REAL
FORGE16B7832-01-RUN-246,FORGE16B7832-01,,,2947.669,2961.9489,2023-05-27T07:41:20,2023-05-27T07:58:30,DRILLING,,,"Pason 10-second data, connection segmentation",,high,PUBLIC_REAL
FORGE16B7832-01-RUN-247,FORGE16B7832-01,,,2959.6171,2987.0522,2023-05-27T08:09:00,2023-05-27T08:52:10,DRILLING,,,"Pason 10-second data, connection segmentation",,high,PUBLIC_REAL
FORGE16B7832-01-RUN-248,FORGE16B7832-01,,,2990.6214,2990.7647,2023-05-31T18:48:40,2023-05-31T18:53:50,DRILLING,,,"Pason 10-second data, connection segmentation",,high,PUBLIC_REAL
FORGE16B7832-01-RUN-249,FORGE16B7832-01,,,2990.7982,2990.9049,2023-05-31T18:55:00,2023-05-31T19:01:30,SLOW,,,"Pason 10-second data, connection segmentation",,high,PUBLIC_REAL
FORGE16B7832-01-RUN-250,FORGE16B7832-01,,,2991.6272,2991.7095,2023-05-31T19:36:00,2023-05-31T19:39:10,DRILLING,,,"Pason 10-second data, connection segmentation",,high,PUBLIC_REAL
FORGE16B7832-01-RUN-251,FORGE16B7832-01,,,2991.8772,2991.9778,2023-05-31T19:46:00,2023-05-31T19:52:40,SLOW,,,"Pason 10-second data, connection segmentation",,high,PUBLIC_REAL
FORGE16B7832-01-RUN-252,FORGE16B7832-01,,,2992.377,2992.5599,2023-05-31T20:13:10,2023-05-31T20:20:10,DRILLING,,,"Pason 10-second data, connection segmentation",,high,PUBLIC_REAL
FORGE16B7832-01-RUN-253,FORGE16B7832-01,,,2992.6392,2992.7672,2023-05-31T20:24:10,2023-05-31T20:28:30,DRILLING,,,"Pason 10-second data, connection segmentation",,high,PUBLIC_REAL
FORGE16B7832-01-RUN-254,FORGE16B7832-01,,,2992.7733,2992.9287,2023-05-31T20:29:00,2023-05-31T20:35:00,DRILLING,,,"Pason 10-second data, connection segmentation",,high,PUBLIC_REAL
FORGE16B7832-01-RUN-255,FORGE16B7832-01,,,2992.9775,2993.1238,2023-05-31T20:37:10,2023-05-31T20:44:10,SLOW,,,"Pason 10-second data, connection segmentation",,high,PUBLIC_REAL
FORGE16B7832-01-RUN-256,FORGE16B7832-01,,,2993.3128,2993.5109,2023-05-31T20:52:00,2023-05-31T20:59:40,DRILLING,,,"Pason 10-second data, connection segmentation",,high,PUBLIC_REAL
FORGE16B7832-01-RUN-257,FORGE16B7832-01,,,2993.5292,2993.6237,2023-05-31T21:01:00,2023-05-31T21:04:50,SLOW,,,"Pason 10-second data, connection segmentation",,high,PUBLIC_REAL
FORGE16B7832-01-RUN-258,FORGE16B7832-01,,,2993.8218,2994.7392,2023-05-31T21:34:20,2023-05-31T21:36:10,DRILLING,,,"Pason 10-second data, connection segmentation",,high,PUBLIC_REAL
FORGE16B7832-01-RUN-259,FORGE16B7832-01,,,2993.7486,2994.0443,2023-05-31T21:58:10,2023-05-31T22:10:20,SLOW,,,"Pason 10-second data, connection segmentation",,high,PUBLIC_REAL
FORGE16B7832-01-RUN-260,FORGE16B7832-01,,,2994.0992,2994.154,2023-06-01T18:50:40,2023-06-01T18:50:50,DRILLING,,,"Pason 10-second data, connection segmentation",,high,PUBLIC_REAL
FORGE16B7832-01-RUN-261,FORGE16B7832-01,,,2994.1601,2994.2668,2023-06-01T21:44:30,2023-06-01T21:50:30,SLOW,,,"Pason 10-second data, connection segmentation",,high,PUBLIC_REAL
FORGE16B7832-01-RUN-262,FORGE16B7832-01,,,3002.7951,3003.1944,2023-06-02T08:28:50,2023-06-02T08:40:30,DRILLING,,,"Pason 10-second data, connection segmentation",,high,PUBLIC_REAL
FORGE16B7832-01-RUN-263,FORGE16B7832-01,,,2996.0804,3006.2363,2023-06-03T06:13:30,2023-06-03T07:06:00,DRILLING,,,"Pason 10-second data, connection segmentation",,high,PUBLIC_REAL
FORGE16B7832-01-RUN-264,FORGE16B7832-01,,,3006.3156,3006.5381,2023-06-04T03:07:30,2023-06-04T03:08:10,DRILLING,,,"Pason 10-second data, connection segmentation",,high,PUBLIC_REAL
FORGE16B7832-01-RUN-265,FORGE16B7832-01,,,3006.6173,3013.2467,2023-06-04T03:15:10,2023-06-04T03:32:10,DRILLING,,,"Pason 10-second data, connection segmentation",,high,PUBLIC_REAL
FORGE16B7832-01-RUN-266,FORGE16B7832-01,,,3013.3656,3021.1746,2023-06-04T03:39:30,2023-06-04T03:45:30,DRILLING,,,"Pason 10-second data, connection segmentation",,high,PUBLIC_REAL
FORGE16B7832-01-RUN-267,FORGE16B7832-01,,,3021.202,3024.5152,2023-06-04T04:00:10,2023-06-04T04:16:40,DRILLING,,,"Pason 10-second data, connection segmentation",,high,PUBLIC_REAL
FORGE16B7832-01-RUN-268,FORGE16B7832-01,,,3024.5609,3040.569,2023-06-04T04:24:40,2023-06-04T04:36:00,DRILLING,,,"Pason 10-second data, connection segmentation",,high,PUBLIC_REAL
FORGE16B7832-01-RUN-269,FORGE16B7832-01,,,3040.5964,3047.9909,2023-06-04T04:49:30,2023-06-04T05:49:40,DRILLING,,,"Pason 10-second data, connection segmentation",,high,PUBLIC_REAL
FORGE16B7832-01-RUN-270,FORGE16B7832-01,,,3048.1737,3050.1488,2023-06-04T05:55:30,2023-06-04T05:57:10,DRILLING,,,"Pason 10-second data, connection segmentation",,high,PUBLIC_REAL
FORGE16B7832-01-RUN-271,FORGE16B7832-01,,,3050.1976,3068.4582,2023-06-04T06:08:50,2023-06-04T06:23:30,DRILLING,,,"Pason 10-second data, connection segmentation",,high,PUBLIC_REAL
FORGE16B7832-01-RUN-272,FORGE16B7832-01,,,3068.5984,3079.0987,2023-06-04T06:35:00,2023-06-04T06:42:30,DRILLING,,,"Pason 10-second data, connection segmentation",,high,PUBLIC_REAL
FORGE16B7832-01-RUN-273,FORGE16B7832-01,,,3079.1536,3097.3715,2023-06-04T06:51:50,2023-06-04T07:06:30,DRILLING,,,"Pason 10-second data, connection segmentation",,high,PUBLIC_REAL
FORGE16B7832-01-RUN-274,FORGE16B7832-01,,,3097.4873,3108.0761,2023-06-04T07:18:30,2023-06-04T07:30:30,DRILLING,,,"Pason 10-second data, connection segmentation",,high,PUBLIC_REAL
FORGE16B7832-01-RUN-275,FORGE16B7832-01,,,3108.1492,3124.197,2023-06-04T07:39:50,2023-06-04T07:55:00,DRILLING,,,"Pason 10-second data, connection segmentation",,high,PUBLIC_REAL
FORGE16B7832-01-RUN-276,FORGE16B7832-01,,,3124.2,3124.2549,2023-06-05T07:19:00,2023-06-05T07:20:40,DRILLING,,,"Pason 10-second data, connection segmentation",,high,PUBLIC_REAL
FORGE16B7832-01-RUN-277,FORGE16B7832-01,,,3126.2665,3128.4855,2023-06-06T07:29:20,2023-06-06T07:56:50,DRILLING,,,"Pason 10-second data, connection segmentation",,high,PUBLIC_REAL
FORGE16B7832-01-RUN-278,FORGE16B7832-01,,,3130.8568,3131.5061,2023-06-08T01:41:50,2023-06-08T01:52:50,DRILLING,,,"Pason 10-second data, connection segmentation",,high,PUBLIC_REAL
FORGE16B7832-01-RUN-279,FORGE16B7832-01,,,3131.7133,3131.7956,2023-06-10T03:12:20,2023-06-10T03:12:30,DRILLING,,,"Pason 10-second data, connection segmentation",,high,PUBLIC_REAL
FORGE16B7832-01-RUN-280,FORGE16B7832-01,,,3137.6844,3137.7636,2023-06-10T23:58:50,2023-06-11T00:02:40,SLOW,,,"Pason 10-second data, connection segmentation",,high,PUBLIC_REAL
FORGE16B7832-01-RUN-281,FORGE16B7832-01,,,3140.6592,3142.0948,2023-06-11T20:42:40,2023-06-11T20:44:10,DRILLING,,,"Pason 10-second data, connection segmentation",,high,PUBLIC_REAL
FORGE16B7832-01-RUN-282,FORGE16B7832-01,,,3142.1283,3170.9898,2023-06-11T20:52:30,2023-06-11T21:10:10,DRILLING,,,"Pason 10-second data, connection segmentation",,high,PUBLIC_REAL
FORGE16B7832-01-RUN-283,FORGE16B7832-01,,,3171.0051,3179.0823,2023-06-11T21:16:40,2023-06-11T21:22:50,DRILLING,,,"Pason 10-second data, connection segmentation",,high,PUBLIC_REAL
FORGE16B7832-01-RUN-284,FORGE16B7832-01,,,3179.1006,3179.1798,2023-06-12T16:57:30,2023-06-12T17:03:10,SLOW,,,"Pason 10-second data, connection segmentation",,high,PUBLIC_REAL
FORGE16B7832-01-RUN-285,FORGE16B7832-01,,,3188.2141,3188.8054,2023-06-14T06:39:00,2023-06-14T06:46:50,DRILLING,,,"Pason 10-second data, connection segmentation",,high,PUBLIC_REAL
FORGE16B7832-01-RUN-286,FORGE16B7832-01,,,3188.8267,3189.0371,2023-06-14T22:41:30,2023-06-14T22:43:00,DRILLING,,,"Pason 10-second data, connection segmentation",,high,PUBLIC_REAL
FORGE16B7832-01-RUN-287,FORGE16B7832-01,,,3189.0675,3189.3449,2023-06-15T00:45:10,2023-06-15T00:57:00,SLOW,,,"Pason 10-second data, connection segmentation",,high,PUBLIC_REAL
FORGE16B7832-01-RUN-288,FORGE16B7832-01,,,3198.2877,3198.7937,2023-06-16T16:35:50,2023-06-16T16:40:00,DRILLING,,,"Pason 10-second data, connection segmentation",,high,PUBLIC_REAL
FORGE16B7832-01-RUN-289,FORGE16B7832-01,,,3198.815,3201.3053,2023-06-16T16:54:30,2023-06-16T17:12:10,DRILLING,,,"Pason 10-second data, connection segmentation",,high,PUBLIC_REAL
FORGE16B7832-01-RUN-290,FORGE16B7832-01,,,3201.3479,3206.5173,2023-06-17T09:05:50,2023-06-17T09:11:10,DRILLING,,,"Pason 10-second data, connection segmentation",,high,PUBLIC_REAL
FORGE16B7832-01-RUN-291,FORGE16B7832-01,,,3206.5905,3220.2211,2023-06-17T09:19:50,2023-06-17T10:04:30,DRILLING,,,"Pason 10-second data, connection segmentation",,high,PUBLIC_REAL
FORGE16B7832-01-RUN-292,FORGE16B7832-01,,,3220.3095,3229.8437,2023-06-17T10:11:50,2023-06-17T10:19:20,DRILLING,,,"Pason 10-second data, connection segmentation",,high,PUBLIC_REAL
FORGE16B7832-01-RUN-293,FORGE16B7832-01,,,3229.8985,3256.5716,2023-06-17T10:33:40,2023-06-17T10:55:50,DRILLING,,,"Pason 10-second data, connection segmentation",,high,PUBLIC_REAL
FORGE16B7832-01-RUN-294,FORGE16B7832-01,,,3256.7301,3258.8545,2023-06-17T11:31:50,2023-06-17T11:33:20,DRILLING,,,"Pason 10-second data, connection segmentation",,high,PUBLIC_REAL
FORGE16B7832-01-RUN-295,FORGE16B7832-01,,,3258.9155,3287.8989,2023-06-17T12:15:50,2023-06-17T12:42:40,DRILLING,,,"Pason 10-second data, connection segmentation",,high,PUBLIC_REAL
FORGE16B7832-01-RUN-296,FORGE16B7832-01,,,3287.966,3317.0043,2023-06-17T12:54:30,2023-06-17T13:18:00,DRILLING,,,"Pason 10-second data, connection segmentation",,high,PUBLIC_REAL
FORGE16B7832-01-RUN-297,FORGE16B7832-01,,,3317.0317,3336.6456,2023-06-17T13:26:50,2023-06-17T13:45:40,DRILLING,,,"Pason 10-second data, connection segmentation",,high,PUBLIC_REAL
FORGE16B7832-01-RUN-298,FORGE16B7832-01,,,3336.7066,3339.1907,2023-06-18T16:23:00,2023-06-18T16:24:00,DRILLING,,,"Pason 10-second data, connection segmentation",,high,PUBLIC_REAL
FORGE16B7832-01-RUN-299,FORGE16B7832-01,,,3336.9138,3336.9595,2023-06-18T16:37:30,2023-06-18T16:37:40,DRILLING,,,"Pason 10-second data, connection segmentation",,high,PUBLIC_REAL
FORGE16B7832-01-RUN-300,FORGE16B7832-01,,,1626.7298,1633.1976,2023-06-20T10:43:50,2023-06-20T10:48:30,DRILLING,,,"Pason 10-second data, connection segmentation",,high,PUBLIC_REAL
FORGE16B7832-01-RUN-301,FORGE16B7832-01,,,1633.3257,1661.9433,2023-06-20T10:59:20,2023-06-20T11:20:50,DRILLING,,,"Pason 10-second data, connection segmentation",,high,PUBLIC_REAL
FORGE16B7832-01-RUN-302,FORGE16B7832-01,,,1662.0378,1690.8993,2023-06-20T11:25:10,2023-06-20T11:44:10,DRILLING,,,"Pason 10-second data, connection segmentation",,high,PUBLIC_REAL
FORGE16B7832-01-RUN-303,FORGE16B7832-01,,,1691.0334,1719.645,2023-06-20T11:48:00,2023-06-20T12:06:50,DRILLING,,,"Pason 10-second data, connection segmentation",,high,PUBLIC_REAL
FORGE16B7832-01-RUN-304,FORGE16B7832-01,,,1719.9132,1777.3223,2023-06-20T12:11:10,2023-06-20T12:52:20,DRILLING,,,"Pason 10-second data, connection segmentation",,high,PUBLIC_REAL
FORGE16B7832-01-RUN-305,FORGE16B7832-01,,,1777.5631,1806.4886,2023-06-20T12:57:20,2023-06-20T13:18:40,DRILLING,,,"Pason 10-second data, connection segmentation",,high,PUBLIC_REAL
FORGE16B7832-01-RUN-306,FORGE16B7832-01,,,1806.6746,1864.2574,2023-06-20T13:20:50,2023-06-20T14:02:20,DRILLING,,,"Pason 10-second data, connection segmentation",,high,PUBLIC_REAL
FORGE16B7832-01-RUN-307,FORGE16B7832-01,,,1864.2848,1934.593,2023-06-20T14:06:10,2023-06-20T15:00:00,DRILLING,,,"Pason 10-second data, connection segmentation",,high,PUBLIC_REAL
FORGE16B7832-01-RUN-308,FORGE16B7832-01,,,1934.654,2037.6764,2023-06-20T15:08:50,2023-06-20T16:28:30,DRILLING,,,"Pason 10-second data, connection segmentation",,high,PUBLIC_REAL
FORGE16B7832-01-RUN-309,FORGE16B7832-01,,,2037.8288,2062.289,2023-06-20T16:32:20,2023-06-20T16:48:30,DRILLING,,,"Pason 10-second data, connection segmentation",,high,PUBLIC_REAL
FORGE16B7832-01-RUN-310,FORGE16B7832-01,,,2062.4444,2066.6293,2023-06-20T16:56:40,2023-06-20T16:59:30,DRILLING,,,"Pason 10-second data, connection segmentation",,high,PUBLIC_REAL
FORGE16B7832-01-RUN-311,FORGE16B7832-01,,,2066.8031,2095.625,2023-06-20T17:20:20,2023-06-20T17:39:20,DRILLING,,,"Pason 10-second data, connection segmentation",,high,PUBLIC_REAL
FORGE16B7832-01-RUN-312,FORGE16B7832-01,,,2095.6585,2096.3321,2023-06-20T18:05:30,2023-06-20T18:06:00,DRILLING,,,"Pason 10-second data, connection segmentation",,high,PUBLIC_REAL
FORGE16B7832-01-RUN-313,FORGE16B7832-01,,,2096.4296,2124.9924,2023-06-20T18:14:30,2023-06-20T18:34:20,DRILLING,,,"Pason 10-second data, connection segmentation",,high,PUBLIC_REAL
FORGE16B7832-01-RUN-314,FORGE16B7832-01,,,2125.026,2125.157,2023-06-20T18:56:50,2023-06-20T18:57:00,DRILLING,,,"Pason 10-second data, connection segmentation",,high,PUBLIC_REAL
FORGE16B7832-01-RUN-315,FORGE16B7832-01,,,2125.2851,2153.9972,2023-06-20T19:02:10,2023-06-20T19:21:00,DRILLING,,,"Pason 10-second data, connection segmentation",,high,PUBLIC_REAL
FORGE16B7832-01-RUN-316,FORGE16B7832-01,,,2154.0399,2182.8343,2023-06-20T19:25:50,2023-06-20T19:44:50,DRILLING,,,"Pason 10-second data, connection segmentation",,high,PUBLIC_REAL
FORGE16B7832-01-RUN-317,FORGE16B7832-01,,,2182.8923,2211.641,2023-06-20T19:49:20,2023-06-20T20:08:30,DRILLING,,,"Pason 10-second data, connection segmentation",,high,PUBLIC_REAL
FORGE16B7832-01-RUN-318,FORGE16B7832-01,,,2211.6593,2240.5726,2023-06-20T20:12:50,2023-06-20T20:31:50,DRILLING,,,"Pason 10-second data, connection segmentation",,high,PUBLIC_REAL
FORGE16B7832-01-RUN-319,FORGE16B7832-01,,,2240.8256,2269.4341,2023-06-20T20:37:40,2023-06-20T20:56:30,DRILLING,,,"Pason 10-second data, connection segmentation",,high,PUBLIC_REAL
FORGE16B7832-01-RUN-320,FORGE16B7832-01,,,2269.5408,2298.381,2023-06-20T21:00:40,2023-06-20T21:19:40,DRILLING,,,"Pason 10-second data, connection segmentation",,high,PUBLIC_REAL
FORGE16B7832-01-RUN-321,FORGE16B7832-01,,,2298.4084,2327.3156,2023-06-20T21:25:30,2023-06-20T21:44:50,DRILLING,,,"Pason 10-second data, connection segmentation",,high,PUBLIC_REAL
FORGE16B7832-01-RUN-322,FORGE16B7832-01,,,2327.4558,2356.1253,2023-06-20T21:49:50,2023-06-20T22:08:40,DRILLING,,,"Pason 10-second data, connection segmentation",,high,PUBLIC_REAL
FORGE16B7832-01-RUN-323,FORGE16B7832-01,,,2356.2381,2384.8436,2023-06-20T22:14:00,2023-06-20T22:32:50,DRILLING,,,"Pason 10-second data, connection segmentation",,high,PUBLIC_REAL
FORGE16B7832-01-RUN-324,FORGE16B7832-01,,,2385.0265,2413.7539,2023-06-20T22:38:20,2023-06-20T22:57:20,DRILLING,,,"Pason 10-second data, connection segmentation",,high,PUBLIC_REAL
FORGE16B7832-01-RUN-325,FORGE16B7832-01,,,2414.019,2442.6276,2023-06-20T23:02:40,2023-06-20T23:21:30,DRILLING,,,"Pason 10-second data, connection segmentation",,high,PUBLIC_REAL
FORGE16B7832-01-RUN-326,FORGE16B7832-01,,,2442.7586,2471.6872,2023-06-20T23:26:50,2023-06-20T23:46:00,DRILLING,,,"Pason 10-second data, connection segmentation",,high,PUBLIC_REAL
FORGE16B7832-01-RUN-327,FORGE16B7832-01,,,2471.8274,2500.4664,2023-06-20T23:51:50,2023-06-21T00:10:40,DRILLING,,,"Pason 10-second data, connection segmentation",,high,PUBLIC_REAL
FORGE16B7832-01-RUN-328,FORGE16B7832-01,,,2500.4756,2529.3371,2023-06-21T00:18:50,2023-06-21T00:38:10,DRILLING,,,"Pason 10-second data, connection segmentation",,high,PUBLIC_REAL
FORGE16B7832-01-RUN-329,FORGE16B7832-01,,,2529.5626,2558.1955,2023-06-21T00:44:10,2023-06-21T01:03:00,DRILLING,,,"Pason 10-second data, connection segmentation",,high,PUBLIC_REAL
FORGE16B7832-01-RUN-330,FORGE16B7832-01,,,2558.4638,2587.1028,2023-06-21T01:07:20,2023-06-21T01:26:10,DRILLING,,,"Pason 10-second data, connection segmentation",,high,PUBLIC_REAL
FORGE16B7832-01-RUN-331,FORGE16B7832-01,,,2587.1912,2615.9186,2023-06-21T01:37:20,2023-06-21T01:56:20,DRILLING,,,"Pason 10-second data, connection segmentation",,high,PUBLIC_REAL
FORGE16B7832-01-RUN-332,FORGE16B7832-01,,,2615.9917,2644.8045,2023-06-21T02:07:10,2023-06-21T02:26:10,DRILLING,,,"Pason 10-second data, connection segmentation",,high,PUBLIC_REAL
FORGE16B7832-01-RUN-333,FORGE16B7832-01,,,2645.0514,2673.6385,2023-06-21T02:33:20,2023-06-21T02:53:10,DRILLING,,,"Pason 10-second data, connection segmentation",,high,PUBLIC_REAL
FORGE16B7832-01-RUN-334,FORGE16B7832-01,,,2677.8814,2706.688,2023-06-21T02:59:50,2023-06-21T03:18:50,DRILLING,,,"Pason 10-second data, connection segmentation",,high,PUBLIC_REAL
FORGE16B7832-01-RUN-335,FORGE16B7832-01,,,2706.8892,2735.6288,2023-06-21T03:25:30,2023-06-21T03:44:20,DRILLING,,,"Pason 10-second data, connection segmentation",,high,PUBLIC_REAL
FORGE16B7832-01-RUN-336,FORGE16B7832-01,,,2735.8086,2764.6762,2023-06-21T03:48:30,2023-06-21T04:07:30,DRILLING,,,"Pason 10-second data, connection segmentation",,high,PUBLIC_REAL
FORGE16B7832-01-RUN-337,FORGE16B7832-01,,,2764.7158,2793.556,2023-06-21T04:17:50,2023-06-21T04:36:50,DRILLING,,,"Pason 10-second data, connection segmentation",,high,PUBLIC_REAL
FORGE16B7832-01-RUN-338,FORGE16B7832-01,,,2793.745,2822.4632,2023-06-21T04:41:30,2023-06-21T05:00:30,DRILLING,,,"Pason 10-second data, connection segmentation",,high,PUBLIC_REAL
FORGE16B7832-01-RUN-339,FORGE16B7832-01,,,2822.4846,2851.4253,2023-06-21T05:09:00,2023-06-21T05:28:10,DRILLING,,,"Pason 10-second data, connection segmentation",,high,PUBLIC_REAL
FORGE16B7832-01-RUN-340,FORGE16B7832-01,,,2851.5564,2879.7656,2023-06-21T05:33:30,2023-06-21T05:52:50,DRILLING,,,"Pason 10-second data, connection segmentation",,high,PUBLIC_REAL
FORGE16B7832-01-RUN-341,FORGE16B7832-01,,,2879.8327,2880.0857,2023-06-21T06:20:40,2023-06-21T06:21:10,DRILLING,,,"Pason 10-second data, connection segmentation",,high,PUBLIC_REAL
FORGE16B7832-01-RUN-342,FORGE16B7832-01,,,2880.2442,2909.1057,2023-06-21T06:28:50,2023-06-21T07:15:50,DRILLING,,,"Pason 10-second data, connection segmentation",,high,PUBLIC_REAL
FORGE16B7832-01-RUN-343,FORGE16B7832-01,,,2909.1331,2937.9459,2023-06-21T08:53:50,2023-06-21T09:22:40,DRILLING,,,"Pason 10-second data, connection segmentation",,high,PUBLIC_REAL
FORGE16B7832-01-RUN-344,FORGE16B7832-01,,,2938.0678,2995.1172,2023-06-21T11:18:50,2023-06-21T12:26:00,DRILLING,,,"Pason 10-second data, connection segmentation",,high,PUBLIC_REAL
FORGE16B7832-01-RUN-345,FORGE16B7832-01,,,2995.8792,2998.9028,2023-06-21T13:46:50,2023-06-21T13:59:10,DRILLING,,,"Pason 10-second data, connection segmentation",,high,PUBLIC_REAL
FORGE16B7832-01-RUN-346,FORGE16B7832-01,,,2998.9302,3111.2155,2023-06-21T14:02:40,2023-06-21T15:43:40,DRILLING,,,"Pason 10-second data, connection segmentation",,high,PUBLIC_REAL
FORGE16B7832-01-RUN-347,FORGE16B7832-01,,,3111.2551,3114.2361,2023-06-21T15:49:40,2023-06-21T15:55:20,DRILLING,,,"Pason 10-second data, connection segmentation",,high,PUBLIC_REAL
FORGE16B7832-01-RUN-348,FORGE16B7832-01,,,3114.2513,3140.1106,2023-06-21T16:10:40,2023-06-21T16:30:00,DRILLING,,,"Pason 10-second data, connection segmentation",,high,PUBLIC_REAL
FORGE16B7832-01-RUN-349,FORGE16B7832-01,,,3140.1837,3169.9779,2023-06-21T17:23:10,2023-06-21T18:06:30,DRILLING,,,"Pason 10-second data, connection segmentation",,high,PUBLIC_REAL
FORGE16B7832-01-RUN-350,FORGE16B7832-01,,,3169.9901,3198.8669,2023-06-21T18:14:40,2023-06-21T18:47:20,DRILLING,,,"Pason 10-second data, connection segmentation",,high,PUBLIC_REAL
FORGE16B7832-01-RUN-351,FORGE16B7832-01,,,3198.873,3227.5943,2023-06-21T18:56:40,2023-06-21T19:16:20,DRILLING,,,"Pason 10-second data, connection segmentation",,high,PUBLIC_REAL
FORGE16B7832-01-RUN-352,FORGE16B7832-01,,,3228.0789,3256.154,2023-06-21T19:22:50,2023-06-21T19:29:50,DRILLING,,,"Pason 10-second data, connection segmentation",,high,PUBLIC_REAL
FORGE16B7832-01-RUN-353,FORGE16B7832-01,,,3256.788,3266.1667,2023-06-21T19:35:40,2023-06-21T19:38:00,DRILLING,,,"Pason 10-second data, connection segmentation",,high,PUBLIC_REAL
FORGE16B7832-01-RUN-354,FORGE16B7832-01,,,2551.0419,2579.7632,2023-07-03T08:53:00,2023-07-03T09:11:40,DRILLING,,,"Pason 10-second data, connection segmentation",,high,PUBLIC_REAL
FORGE16B7832-01-RUN-355,FORGE16B7832-01,,,2579.7754,2608.7283,2023-07-03T09:18:20,2023-07-03T09:43:30,DRILLING,,,"Pason 10-second data, connection segmentation",,high,PUBLIC_REAL
FORGE16B7832-01-RUN-356,FORGE16B7832-01,,,2608.963,2637.5563,2023-07-03T09:46:50,2023-07-03T10:08:00,DRILLING,,,"Pason 10-second data, connection segmentation",,high,PUBLIC_REAL
FORGE16B7832-01-RUN-357,FORGE16B7832-01,,,2637.6691,2724.5249,2023-07-03T10:16:40,2023-07-03T11:29:20,DRILLING,,,"Pason 10-second data, connection segmentation",,high,PUBLIC_REAL
FORGE16B7832-01-RUN-358,FORGE16B7832-01,,,2724.6042,2754.5111,2023-07-03T11:35:20,2023-07-03T12:01:10,DRILLING,,,"Pason 10-second data, connection segmentation",,high,PUBLIC_REAL
FORGE16B7832-01-RUN-359,FORGE16B7832-01,,,2754.6178,2782.4796,2023-07-03T12:06:50,2023-07-03T12:40:40,DRILLING,,,"Pason 10-second data, connection segmentation",,high,PUBLIC_REAL
FORGE16B7832-01-RUN-360,FORGE16B7832-01,,,2782.5009,2784.1346,2023-07-03T13:06:20,2023-07-03T13:07:30,DRILLING,,,"Pason 10-second data, connection segmentation",,high,PUBLIC_REAL
FORGE16B7832-01-RUN-361,FORGE16B7832-01,,,2784.2596,2804.5989,2023-07-03T13:17:40,2023-07-03T13:48:00,DRILLING,,,"Pason 10-second data, connection segmentation",,high,PUBLIC_REAL
FORGE16B7832-01-RUN-362,FORGE16B7832-01,,,2804.6081,2812.2677,2023-07-03T13:58:40,2023-07-03T14:08:00,DRILLING,,,"Pason 10-second data, connection segmentation",,high,PUBLIC_REAL
FORGE16B7832-01-RUN-363,FORGE16B7832-01,,,2812.2738,2813.5143,2023-07-03T14:15:20,2023-07-03T14:21:30,DRILLING,,,"Pason 10-second data, connection segmentation",,high,PUBLIC_REAL
FORGE16B7832-01-RUN-364,FORGE16B7832-01,,,2813.5814,2841.94,2023-07-03T14:27:10,2023-07-03T14:49:10,DRILLING,,,"Pason 10-second data, connection segmentation",,high,PUBLIC_REAL
FORGE16B7832-01-RUN-365,FORGE16B7832-01,,,2841.9491,2867.7687,2023-07-03T15:00:50,2023-07-03T15:47:30,DRILLING,,,"Pason 10-second data, connection segmentation",,high,PUBLIC_REAL
FORGE16B7832-01-RUN-366,FORGE16B7832-01,,,2867.8022,2870.8289,2023-07-03T15:54:20,2023-07-03T15:57:10,DRILLING,,,"Pason 10-second data, connection segmentation",,high,PUBLIC_REAL
FORGE16B7832-01-RUN-367,FORGE16B7832-01,,,2870.8502,2878.4824,2023-07-03T16:37:10,2023-07-03T16:55:40,DRILLING,,,"Pason 10-second data, connection segmentation",,high,PUBLIC_REAL
FORGE16B7832-01-RUN-368,FORGE16B7832-01,,,2878.5221,2883.85,2023-07-03T17:02:00,2023-07-03T17:06:10,DRILLING,,,"Pason 10-second data, connection segmentation",,high,PUBLIC_REAL
FORGE16B7832-01-RUN-369,FORGE16B7832-01,,,2884.1426,2899.5898,2023-07-03T17:15:20,2023-07-03T17:31:00,DRILLING,,,"Pason 10-second data, connection segmentation",,high,PUBLIC_REAL
FORGE16B7832-01-RUN-370,FORGE16B7832-01,,,2899.6142,2929.4328,2023-07-03T17:41:30,2023-07-03T18:23:00,DRILLING,,,"Pason 10-second data, connection segmentation",,high,PUBLIC_REAL
FORGE16B7832-01-RUN-371,FORGE16B7832-01,,,2929.4999,2958.2486,2023-07-03T18:32:40,2023-07-03T19:05:10,DRILLING,,,"Pason 10-second data, connection segmentation",,high,PUBLIC_REAL
FORGE16B7832-01-RUN-372,FORGE16B7832-01,,,2958.3217,2987.4667,2023-07-03T19:14:10,2023-07-03T19:43:50,DRILLING,,,"Pason 10-second data, connection segmentation",,high,PUBLIC_REAL
FORGE16B7832-01-RUN-373,FORGE16B7832-01,,,2987.6191,3016.3465,2023-07-03T19:52:00,2023-07-03T20:19:50,DRILLING,,,"Pason 10-second data, connection segmentation",,high,PUBLIC_REAL
FORGE16B7832-01-RUN-374,FORGE16B7832-01,,,3016.441,3045.1227,2023-07-03T20:29:10,2023-07-03T20:51:00,DRILLING,,,"Pason 10-second data, connection segmentation",,high,PUBLIC_REAL
FORGE16B7832-01-RUN-375,FORGE16B7832-01,,,3045.2416,3074.6395,2023-07-03T20:59:10,2023-07-03T21:20:00,DRILLING,,,"Pason 10-second data, connection segmentation",,high,PUBLIC_REAL
FORGE16B7832-01-RUN-376,FORGE16B7832-01,,,3074.6852,3103.562,2023-07-03T21:27:20,2023-07-03T21:47:30,DRILLING,,,"Pason 10-second data, connection segmentation",,high,PUBLIC_REAL
