event_id,wellbore_id,event_type,event_subtype,start_time,end_time,start_md,end_md,start_tvd,end_tvd,formation,severity,cause,mitigation,outcome,npt_hours,depth_source,formation_relative_depth,frd_reason_code,source_document,source_page,source,confidence,extraction_method,data_origin
FORGE16B7832-01-EVT-00001,FORGE16B7832-01,WASHOUT,CIRC,2023-04-27T18:45:00,2023-04-27T20:00:00,,349.3008,,,,high,hole washout,,,1.25,ddr_operation_end_md,,,20230427-DAILYREPORT11DETAILRPT-230427053214,1,Utah FORGE 16B(78)-32 DDR operations table,high,ddr_operations.description -> data/event_types.csv mapping_rule,PUBLIC_REAL
FORGE16B7832-01-EVT-00002,FORGE16B7832-01,WELLBORE_INSTABILITY,CIRC,2023-04-27T18:45:00,2023-04-27T20:00:00,,349.3008,,,,high,washout,,,1.25,ddr_operation_end_md,,,20230427-DAILYREPORT11DETAILRPT-230427053214,1,Utah FORGE 16B(78)-32 DDR operations table,medium,ddr_operations.description -> data/event_types.csv mapping_rule,PUBLIC_REAL
FORGE16B7832-01-EVT-00003,FORGE16B7832-01,CEMENT_FAILURE,CMTP,2023-04-28T06:00:00,2023-04-28T08:00:00,,349.3008,,,,low,cement to surface,,,2.00,ddr_operation_end_md,,,20230428-DAILYREPORT12DETAILRPT-230428052948,1,Utah FORGE 16B(78)-32 DDR operations table,low,ddr_operations.description -> data/event_types.csv mapping_rule,PUBLIC_REAL
FORGE16B7832-01-EVT-00004,FORGE16B7832-01,STUCK_PIPE,STUCK,2023-04-30T04:15:00,2023-05-01T06:00:00,,1326.7944,,,,high,tight hole,,,1.75,ddr_operation_end_md,,,20230501-DAILYREPORT15DETAILRPT-230501064742,1,Utah FORGE 16B(78)-32 DDR operations table,high,ddr_operations.description -> data/event_types.csv mapping_rule,PUBLIC_REAL
FORGE16B7832-01-EVT-00005,FORGE16B7832-01,STUCK_PIPE,TRPO,2023-05-02T06:00:00,2023-05-02T07:00:00,,1326.7944,,,,low,Pulling tight,,,1.00,ddr_operation_end_md,,,20230502-DAILYREPORT16DETAILRPT-230502065544,1,Utah FORGE 16B(78)-32 DDR operations table,high,ddr_operations.description -> data/event_types.csv mapping_rule,PUBLIC_REAL
FORGE16B7832-01-EVT-00006,FORGE16B7832-01,CEMENT_FAILURE,CMTP,2023-05-04T18:15:00,2023-05-04T22:30:00,,1476.756,,,,medium,No cement,,,4.25,ddr_operation_end_md,,,20230504-DAILYREPORT18DETAILRPT-230504075441,1,Utah FORGE 16B(78)-32 DDR operations table,low,ddr_operations.description -> data/event_types.csv mapping_rule,PUBLIC_REAL
FORGE16B7832-01-EVT-00007,FORGE16B7832-01,EQUIPMENT_FAILURE,CMTP,2023-05-04T18:15:00,2023-05-04T22:30:00,,1476.756,,,,medium,Waited on,,,4.25,ddr_operation_end_md,,,20230504-DAILYREPORT18DETAILRPT-230504075441,1,Utah FORGE 16B(78)-32 DDR operations table,medium,ddr_operations.description -> data/event_types.csv mapping_rule,PUBLIC_REAL
FORGE16B7832-01-EVT-00008,FORGE16B7832-01,EQUIPMENT_FAILURE,WOC,2023-05-04T22:30:00,2023-05-04T06:00:00,,1476.756,,,,low,Waited on,,,7.50,ddr_operation_end_md,,,20230504-DAILYREPORT18DETAILRPT-230504075441,1,Utah FORGE 16B(78)-32 DDR operations table,medium,ddr_operations.description -> data/event_types.csv mapping_rule,PUBLIC_REAL
FORGE16B7832-01-EVT-00009,FORGE16B7832-01,MUD_LOSS,CMTS,2023-05-05T08:30:00,2023-05-05T09:00:00,,1476.756,,,,high,No returns,,,0.50,ddr_operation_end_md,,,20230505-DAILYREPORT19DETAILRPT-230505063805,1,Utah FORGE 16B(78)-32 DDR operations table,high,ddr_operations.description -> data/event_types.csv mapping_rule,PUBLIC_REAL
FORGE16B7832-01-EVT-00010,FORGE16B7832-01,CEMENT_FAILURE,CMTS,2023-05-05T23:15:00,2023-05-04T00:15:00,,1476.756,,,,low,Cement to surface,,,1.00,ddr_operation_end_md,,,20230505-DAILYREPORT19DETAILRPT-230505063805,1,Utah FORGE 16B(78)-32 DDR operations table,low,ddr_operations.description -> data/event_types.csv mapping_rule,PUBLIC_REAL
FORGE16B7832-01-EVT-00011,FORGE16B7832-01,PACK_OFF,WELLHD,2023-05-06T06:00:00,2023-05-06T08:00:00,,1476.756,,,,low,packoff,,,2.00,ddr_operation_end_md,,,20230506-DAILYREPORT20DETAILRPT-230506063409,1,Utah FORGE 16B(78)-32 DDR operations table,low,ddr_operations.description -> data/event_types.csv mapping_rule,PUBLIC_REAL
FORGE16B7832-01-EVT-00012,FORGE16B7832-01,EQUIPMENT_FAILURE,BOPO,2023-05-06T10:00:00,2023-05-06T22:00:00,,1476.756,,,,low,waiting on,,,12.00,ddr_operation_end_md,,,20230506-DAILYREPORT20DETAILRPT-230506063409,1,Utah FORGE 16B(78)-32 DDR operations table,medium,ddr_operations.description -> data/event_types.csv mapping_rule,PUBLIC_REAL
FORGE16B7832-01-EVT-00013,FORGE16B7832-01,EQUIPMENT_FAILURE,REPR,2023-05-06T23:00:00,2023-05-05T05:00:00,,1476.756,,,,low,broke,,,6.00,ddr_operation_end_md,,,20230506-DAILYREPORT20DETAILRPT-230506063409,1,Utah FORGE 16B(78)-32 DDR operations table,medium,ddr_operations.description -> data/event_types.csv mapping_rule,PUBLIC_REAL
FORGE16B7832-01-EVT-00014,FORGE16B7832-01,EQUIPMENT_FAILURE,REPR,2023-05-08T09:30:00,2023-05-08T17:30:00,,1476.756,,,,low,waiting on,,,8.00,ddr_operation_end_md,,,20230508-DAILYREPORT22DETAILRPT-230508063413,1,Utah FORGE 16B(78)-32 DDR operations table,medium,ddr_operations.description -> data/event_types.csv mapping_rule,PUBLIC_REAL
FORGE16B7832-01-EVT-00015,FORGE16B7832-01,EQUIPMENT_FAILURE,CIRC,2023-06-27T12:00:00,2023-06-27T06:00:00,,3336.6456,,,,low,waiting on,,,18.00,ddr_operation_end_md,,,DAILYREPORT-72DETAILRPT-230627054928,1,Utah FORGE 16B(78)-32 DDR operations table,medium,ddr_operations.description -> data/event_types.csv mapping_rule,PUBLIC_REAL
FORGE16B7832-01-EVT-00016,FORGE16B7832-01,EQUIPMENT_FAILURE,CIRC,2023-06-28T07:00:00,2023-06-28T10:00:00,,3336.6456,,,,low,waiting on,,,3.00,ddr_operation_end_md,,,DAILYREPORT-73DETAILRPT-230628060220,1,Utah FORGE 16B(78)-32 DDR operations table,medium,ddr_operations.description -> data/event_types.csv mapping_rule,PUBLIC_REAL
FORGE16B7832-01-EVT-00017,FORGE16B7832-01,EQUIPMENT_FAILURE,LOG,2023-07-01T13:15:00,2023-07-01T15:00:00,,3336.6456,,,,medium,quit working,,,1.75,ddr_operation_end_md,,,DAILYREPORT-76DETAILRPT-230701062002,1,Utah FORGE 16B(78)-32 DDR operations table,medium,ddr_operations.description -> data/event_types.csv mapping_rule,PUBLIC_REAL
FORGE16B7832-01-EVT-00018,FORGE16B7832-01,EQUIPMENT_FAILURE,OTHER,2023-07-02T20:30:00,2023-07-01T04:30:00,,3336.6456,,,,medium,quit working,,,8.00,ddr_operation_end_md,,,DAILYREPORT-77DETAILRPT-230702060222,1,Utah FORGE 16B(78)-32 DDR operations table,medium,ddr_operations.description -> data/event_types.csv mapping_rule,PUBLIC_REAL
FORGE16B7832-01-EVT-00019,FORGE16B7832-01,EQUIPMENT_FAILURE,EVAL,2023-07-06T08:30:00,2023-07-06T09:30:00,,3336.6456,,,,medium,Troubleshoot,,,1.00,ddr_operation_end_md,,,DAILYREPORT-81DETAILRPT-230706065212,1,Utah FORGE 16B(78)-32 DDR operations table,medium,ddr_operations.description -> data/event_types.csv mapping_rule,PUBLIC_REAL
FORGE16B7832-01-EVT-00020,FORGE16B7832-01,EQUIPMENT_FAILURE,REPS,2023-07-05T04:00:00,2023-07-05T05:30:00,,3336.6456,,,,medium,Troubleshoot,,,1.50,ddr_operation_end_md,,,DAILYREPORT-81DETAILRPT-230706065212,1,Utah FORGE 16B(78)-32 DDR operations table,medium,ddr_operations.description -> data/event_types.csv mapping_rule,PUBLIC_REAL
FORGE16B7832-01-EVT-00021,FORGE16B7832-01,EQUIPMENT_FAILURE,CASE,2023-07-11T01:00:00,2023-07-11T02:00:00,,3336.6456,,,,medium,Troubleshoot,,,1.00,ddr_operation_end_md,,,DAILYREPORT-87DETAILRPT-230712063952,1,Utah FORGE 16B(78)-32 DDR operations table,medium,ddr_operations.description -> data/event_types.csv mapping_rule,PUBLIC_REAL
FORGE16B7832-01-EVT-00022,FORGE16B7832-01,EQUIPMENT_FAILURE,OTHER,2023-07-16T10:00:00,2023-07-16T13:30:00,,3336.6456,,,,low,Waiting on,,,3.50,ddr_operation_end_md,,,DAILYREPORT-91DETAILRPT-230716062037,1,Utah FORGE 16B(78)-32 DDR operations table,medium,ddr_operations.description -> data/event_types.csv mapping_rule,PUBLIC_REAL
FORGE16B7832-01-EVT-00023,FORGE16B7832-01,CEMENT_FAILURE,CMTD,2023-07-15T04:00:00,2023-07-16T06:00:00,,3336.6456,,,,medium,No cement,,,2.00,ddr_operation_end_md,,,DAILYREPORT-91DETAILRPT-230716062037,1,Utah FORGE 16B(78)-32 DDR operations table,low,ddr_operations.description -> data/event_types.csv mapping_rule,PUBLIC_REAL
FORGE16B7832-01-EVT-00024,FORGE16B7832-01,EQUIPMENT_FAILURE,WOE,2023-07-20T06:00:00,2023-07-20T15:00:00,,3336.6456,,,,low,broke,,,9.00,ddr_operation_end_md,,,DAILYREPORT-95DETAILRPT-230720063801,1,Utah FORGE 16B(78)-32 DDR operations table,medium,ddr_operations.description -> data/event_types.csv mapping_rule,PUBLIC_REAL
FORGE16B7832-01-EVT-00025,FORGE16B7832-01,EQUIPMENT_FAILURE,SLWL,2023-07-20T15:00:00,2023-07-20T21:00:00,,3336.6456,,,,low,Broke,,,6.00,ddr_operation_end_md,,,DAILYREPORT-95DETAILRPT-230720063801,1,Utah FORGE 16B(78)-32 DDR operations table,medium,ddr_operations.description -> data/event_types.csv mapping_rule,PUBLIC_REAL
FORGE16B7832-01-EVT-00026,FORGE16B7832-01,EQUIPMENT_FAILURE,REPR,2023-05-11T11:15:00,2023-05-11T22:30:00,,1486.8144,,,,low,blower motor,,,11.25,ddr_operation_end_md,,,DAILYREPORT25DETAILRPT-230511062556,1,Utah FORGE 16B(78)-32 DDR operations table,medium,ddr_operations.description -> data/event_types.csv mapping_rule,PUBLIC_REAL
FORGE16B7832-01-EVT-00027,FORGE16B7832-01,EQUIPMENT_FAILURE,REPR,2023-05-11T22:30:00,2023-05-10T02:30:00,,1486.8144,,,,low,Blower motor,,,4.00,ddr_operation_end_md,,,DAILYREPORT25DETAILRPT-230511062556,1,Utah FORGE 16B(78)-32 DDR operations table,medium,ddr_operations.description -> data/event_types.csv mapping_rule,PUBLIC_REAL
FORGE16B7832-01-EVT-00028,FORGE16B7832-01,EQUIPMENT_FAILURE,WOE,2023-05-17T21:30:00,2023-05-17T23:00:00,,1994.916,,,,low,Waited on,,,1.50,ddr_operation_end_md,,,DAILYREPORT31DETAILRPT-230517063926,1,Utah FORGE 16B(78)-32 DDR operations table,medium,ddr_operations.description -> data/event_types.csv mapping_rule,PUBLIC_REAL
FORGE16B7832-01-EVT-00029,FORGE16B7832-01,STUCK_PIPE,WELLHD,2023-05-25T01:00:00,2023-05-25T02:30:00,,2820.924,,,,low,overpull,,,1.50,ddr_operation_end_md,,,DAILYREPORT40DETAILRPT-230526094342,1,Utah FORGE 16B(78)-32 DDR operations table,high,ddr_operations.description -> data/event_types.csv mapping_rule,PUBLIC_REAL
FORGE16B7832-01-EVT-00030,FORGE16B7832-01,EQUIPMENT_FAILURE,CORE,2023-05-30T22:15:00,2023-05-30T23:15:00,,2992.2216,,,,low,broke,,,1.00,ddr_operation_end_md,,,DAILYREPORT44DETAILRPT-230530055905,1,Utah FORGE 16B(78)-32 DDR operations table,medium,ddr_operations.description -> data/event_types.csv mapping_rule,PUBLIC_REAL
FORGE16B7832-01-EVT-00031,FORGE16B7832-01,EQUIPMENT_FAILURE,BHAOP,2023-05-29T03:00:00,2023-05-29T04:15:00,,2992.2216,,,,low,Broke,,,1.25,ddr_operation_end_md,,,DAILYREPORT44DETAILRPT-230530055905,1,Utah FORGE 16B(78)-32 DDR operations table,medium,ddr_operations.description -> data/event_types.csv mapping_rule,PUBLIC_REAL
FORGE16B7832-01-EVT-00032,FORGE16B7832-01,EQUIPMENT_FAILURE,CORE,2023-06-03T17:00:00,2023-06-03T19:00:00,,3003.1944,,,,low,Broke,,,2.00,ddr_operation_end_md,,,DAILYREPORT48DETAILRPT-230603062858,1,Utah FORGE 16B(78)-32 DDR operations table,medium,ddr_operations.description -> data/event_types.csv mapping_rule,PUBLIC_REAL
FORGE16B7832-01-EVT-00033,FORGE16B7832-01,EQUIPMENT_FAILURE,REPR,2023-06-09T17:00:00,2023-06-09T06:00:00,,3131.5152,,,,low,Waiting on,,,13.00,ddr_operation_end_md,,,DAILYREPORT54DETAILRPT-230609062442,1,Utah FORGE 16B(78)-32 DDR operations table,medium,ddr_operations.description -> data/event_types.csv mapping_rule,PUBLIC_REAL
FORGE16B7832-01-EVT-00034,FORGE16B7832-01,STUCK_PIPE,CIRC,2023-06-10T04:30:00,2023-06-10T05:00:00,,3140.6592,,,,low,overpull,,,0.50,ddr_operation_end_md,,,DAILYREPORT56DETAILRPT-230611061358,1,Utah FORGE 16B(78)-32 DDR operations table,high,ddr_operations.description -> data/event_types.csv mapping_rule,PUBLIC_REAL
FORGE16B7832-01-EVT-00035,FORGE16B7832-01,EQUIPMENT_FAILURE,WOE,2023-06-26T19:30:00,2023-06-26T06:00:00,,3336.6456,,,,low,waiting on,,,10.50,ddr_operation_end_md,,,DAILYREPORT71DETAILRPT-230626051434,1,Utah FORGE 16B(78)-32 DDR operations table,medium,ddr_operations.description -> data/event_types.csv mapping_rule,PUBLIC_REAL
FORGE16B7832-01-EVT-00036,FORGE16B7832-01,EQUIPMENT_FAILURE,LOG,2023-07-03T13:00:00,2023-07-03T15:30:00,,3336.6456,,,,medium,Troubleshoot,,,2.50,ddr_operation_end_md,,,DAILYREPORT78DETAILRPT-230703060819,1,Utah FORGE 16B(78)-32 DDR operations table,medium,ddr_operations.description -> data/event_types.csv mapping_rule,PUBLIC_REAL
FORGE16B7832-01-EVT-00037,FORGE16B7832-01,EQUIPMENT_FAILURE,REPR,2023-05-19T06:00:00,2023-05-19T06:15:00,,2058.6192,,,,medium,Troubleshoot,,,0.25,ddr_operation_end_md,,,DAILYREPORTDETAILRPT-33-230519050545,1,Utah FORGE 16B(78)-32 DDR operations table,medium,ddr_operations.description -> data/event_types.csv mapping_rule,PUBLIC_REAL
FORGE16B7832-01-EVT-00038,FORGE16B7832-01,EQUIPMENT_FAILURE,CIRC,2023-05-17T04:00:00,2023-05-18T06:00:00,,2058.6192,,,,medium,troubleshoot,,,2.00,ddr_operation_end_md,,,DAILYREPORTDETAILRPT-36-230518060545,1,Utah FORGE 16B(78)-32 DDR operations table,medium,ddr_operations.description -> data/event_types.csv mapping_rule,PUBLIC_REAL
FORGE16B7832-01-EVT-00039,FORGE16B7832-01,STUCK_PIPE,REAM,2023-06-18T18:30:00,2023-06-18T19:30:00,,3336.6456,,,,low,overpull,,,1.00,ddr_operation_end_md,,,DAILYREPORTDETAILRPT-63-230618054755,1,Utah FORGE 16B(78)-32 DDR operations table,high,ddr_operations.description -> data/event_types.csv mapping_rule,PUBLIC_REAL
FORGE16B7832-01-EVT-00040,FORGE16B7832-01,STUCK_PIPE,TRPO,2023-06-23T19:00:00,2023-06-23T20:30:00,,3336.6456,,,,low,overpull,,,1.50,ddr_operation_end_md,,,DAILYREPORTDETAILRPT-68-230623051445,1,Utah FORGE 16B(78)-32 DDR operations table,high,ddr_operations.description -> data/event_types.csv mapping_rule,PUBLIC_REAL
FORGE16B7832-01-EVT-00041,FORGE16B7832-01,STUCK_PIPE,WASH,2023-06-22T19:15:00,2023-06-22T19:45:00,,3336.6456,,,,low,overpull,,,0.50,ddr_operation_end_md,,,DAILYREPORTDETAILRPT-67-230622050108,1,Utah FORGE 16B(78)-32 DDR operations table,high,ddr_operations.description -> data/event_types.csv mapping_rule,PUBLIC_REAL
FORGE16B7832-01-EVT-00042,FORGE16B7832-01,STUCK_PIPE,WASH,2023-06-22T19:45:00,2023-06-22T20:30:00,,3336.6456,,,,low,overpull,,,0.75,ddr_operation_end_md,,,DAILYREPORTDETAILRPT-67-230622050108,1,Utah FORGE 16B(78)-32 DDR operations table,high,ddr_operations.description -> data/event_types.csv mapping_rule,PUBLIC_REAL
FORGE16B7832-01-EVT-00043,FORGE16B7832-01,STUCK_PIPE,WASH,2023-06-21T00:00:00,2023-06-21T00:15:00,,3336.6456,,,,low,overpull,,,0.25,ddr_operation_end_md,,,DAILYREPORTDETAILRPT-67-230622050108,1,Utah FORGE 16B(78)-32 DDR operations table,high,ddr_operations.description -> data/event_types.csv mapping_rule,PUBLIC_REAL
FORGE16B7832-01-EVT-00044,FORGE16B7832-01,STUCK_PIPE,CIRC,2023-06-16T23:00:00,2023-06-16T23:45:00,,3198.2664,,,,low,overpull,,,0.75,ddr_operation_end_md,,,DAILYREPORTDETAILRPT-61-230616060124,1,Utah FORGE 16B(78)-32 DDR operations table,high,ddr_operations.description -> data/event_types.csv mapping_rule,PUBLIC_REAL
