wellbore_id,md,formation,lithology,lithology_group,source,source_document,source_page,confidence,data_origin
FORGE16B7832-01,1959.864,,"TRNSL, TR BIOTITE, TR CHLORITE",,Utah FORGE 16B(78)-32 ALT daily mud log,UTAH-FORGE-FRONTIER-16-16B-78-32-DAILY-AFTERNOON-REPORT--f4aa4d,,medium,PUBLIC_REAL
FORGE16B7832-01,1969.008,,"HRNBLND, TR BIOTITE. INVENTORY",,Utah FORGE 16B(78)-32 ALT daily mud log,UTAH-FORGE-FRONTIER-16-16B-78-32-DAILY-AFTERNOON-REPORT--f4aa4d,,medium,PUBLIC_REAL
FORGE16B7832-01,1969.008,,"SUC TXT, TR BIOTITE, TR HRNBLNDE. INVENTORY",,Utah FORGE 16B(78)-32 ALT daily mud log,UTAH-FORGE-FRONTIER-16-16B-78-32-DAILY-AFTERNOON-REPORT--f4aa4d,,medium,PUBLIC_REAL
FORGE16B7832-01,2319.528,,"BIOTITE, TR HRNBLNDE",,Utah FORGE 16B(78)-32 ALT daily mud log,UTAH-FORGE-FRONTIER-16-16B-78-32-DAILY-AFTERNOON-REPORT--100487,,medium,PUBLIC_REAL
FORGE16B7832-01,2356.104,,"HRNBLNDE, TR CHLOR WEATHERING, TR METAL SHARDS",,Utah FORGE 16B(78)-32 ALT daily mud log,UTAH-FORGE-FRONTIER-16-16B-78-32-DAILY-AFTERNOON-REPORT--100487,,medium,PUBLIC_REAL
FORGE16B7832-01,2374.392,,"HRNBLNDE, CHLOR IP, TR METAL SHARDS",,Utah FORGE 16B(78)-32 ALT daily mud log,UTAH-FORGE-FRONTIER-16-16B-78-32-DAILY-AFTERNOON-REPORT--100487,,medium,PUBLIC_REAL
FORGE16B7832-01,2535.936,,"MICA, TR HRNBLNDE, TR MUSCOVITE",,Utah FORGE 16B(78)-32 ALT daily mud log,UTAH-FORGE-FRONTIER-16-16B-78-32-DAILY-AFTERNOON-REPORT--4ad787,,medium,PUBLIC_REAL
FORGE16B7832-01,2609.088,,"BIOTITE, TR HRNBLNDE",,Utah FORGE 16B(78)-32 ALT daily mud log,UTAH-FORGE-FRONTIER-16-16B-78-32-DAILY-AFTERNOON-REPORT--4ad787,,medium,PUBLIC_REAL
FORGE16B7832-01,2682.24,,"TXT, BIOTITE, TR HRNBLNDE,TR CHLOR",,Utah FORGE 16B(78)-32 ALT daily mud log,UTAH-FORGE-FRONTIER-16-16B-78-32-DAILY-AFTERNOON-REPORT--24a405,,medium,PUBLIC_REAL
FORGE16B7832-01,2773.68,,"SBANG, SUC TXT, BIOTITE, TR HRNBLNDE",,Utah FORGE 16B(78)-32 ALT daily mud log,UTAH-FORGE-FRONTIER-16-16B-78-32-DAILY-AFTERNOON-REPORT--24a405,,medium,PUBLIC_REAL
FORGE16B7832-01,2889.504,,"BIOTITE, TR HRNBLNDE, TR MAGNATITE",,Utah FORGE 16B(78)-32 ALT daily mud log,UTAH-FORGE-FRONTIER-16-16B-78-32-DAILY-AFTERNOON-REPORT--881d61,,medium,PUBLIC_REAL
FORGE16B7832-01,3005.328,,"COMMON , SCAT HORNBLENDE.",,Utah FORGE 16B(78)-32 ALT daily mud log,UTAH-FORGE-FRONTIER-16-16B-78-32-DAILY-AFTERNOON-REPORT--fc5dbd,,medium,PUBLIC_REAL
FORGE16B7832-01,3044.952,,"COMMON , SCAT HORNBLENDE.",,Utah FORGE 16B(78)-32 ALT daily mud log,UTAH-FORGE-FRONTIER-16-16B-78-32-DAILY-AFTERNOON-REPORT--59edcf,,medium,PUBLIC_REAL
FORGE16B7832-01,3124.2,,"BIOTITE, TR HRNBLNDE, TR CALCITE",,Utah FORGE 16B(78)-32 ALT daily mud log,UTAH-FORGE-FRONTIER-16-16B-78-32-DAILY-AFTERNOON-REPORT--59edcf,,medium,PUBLIC_REAL
FORGE16B7832-01,3126.0288,,"SBBLKY, VIT LSTR, EA TXT IP: BIOTITE, TR HRNBLNDE,",,Utah FORGE 16B(78)-32 ALT daily mud log,UTAH-FORGE-FRONTIER-16-16B-78-32-DAILY-AFTERNOON-REPORT--57536e,,medium,PUBLIC_REAL
FORGE16B7832-01,3124.2,,"SBBLKY, VIT LSTR, EA TXT IP: BIOTITE, TR HRNBLNDE,",,Utah FORGE 16B(78)-32 ALT daily mud log,UTAH-FORGE-FRONTIER-16-16B-78-32-DAILY-AFTERNOON-REPORT--6e548a,,medium,PUBLIC_REAL
FORGE16B7832-01,3126.0288,,"BIOTITE, TR HRNBLNDE,",,Utah FORGE 16B(78)-32 ALT daily mud log,UTAH-FORGE-FRONTIER-16-16B-78-32-DAILY-AFTERNOON-REPORT--6e548a,,medium,PUBLIC_REAL
FORGE16B7832-01,3128.4672,,"BIOTITE, TR HRNBLNDE",,Utah FORGE 16B(78)-32 ALT daily mud log,UTAH-FORGE-FRONTIER-16-16B-78-32-DAILY-AFTERNOON-REPORT--f14591,,medium,PUBLIC_REAL
FORGE16B7832-01,3130.296,,"HRNBLNDE: 30% CLAY: LHT TAN,NON-SWELLING CLAY, PRESENTS AS KAOLIN, MOD COHESIVE, NOT FULLY HYDRATED.",,Utah FORGE 16B(78)-32 ALT daily mud log,UTAH-FORGE-FRONTIER-16-16B-78-32-DAILY-AFTERNOON-REPORT--f14591,,medium,PUBLIC_REAL
FORGE16B7832-01,3133.344,,"SUC TXT, ALTERED SURFACES, STRIATIONS IP: BIOTITE, ALTERED BIOTITE IP, TR HRNBLNDE, TR CHLORITE",,Utah FORGE 16B(78)-32 ALT daily mud log,UTAH-FORGE-FRONTIER-16-16B-78-32-DAILY-AFTERNOON-REPORT--86486d,,medium,PUBLIC_REAL
FORGE16B7832-01,3185.16,,"ALTERED SURFACES, STRIATIONS IP: BIOTITE, ALTERED BIOTITE IP, TR HRNBLNDE, CHLORITE IP, TR EPIDOTE IP, SLI CALC, BF TN – LHT GRY CLAY IP.",,Utah FORGE 16B(78)-32 ALT daily mud log,UTAH-FORGE-FRONTIER-16-16B-78-32-DAILY-AFTERNOON-REPORT--91cb12,,medium,PUBLIC_REAL
FORGE16B7832-01,3188.8176,,"SURFACES,:BIOTITE, ALTERED BIOTITE IP, HEMATITE IP, TR HRNBLNDE, CHLORITE IP, TR EPIDOTE , SLI CALC, BF TN – LHT GRY CLAY IP.",,Utah FORGE 16B(78)-32 ALT daily mud log,UTAH-FORGE-FRONTIER-16-16B-78-32-DAILY-AFTERNOON-REPORT--e3e056,,medium,PUBLIC_REAL
FORGE16B7832-01,3194.304,,"HRNBLNDE, CHLORITE IP, EPIDOTE IP, TR SERICITE, TAN – LHT BRN CLAY.",,Utah FORGE 16B(78)-32 ALT daily mud log,UTAH-FORGE-FRONTIER-16-16B-78-32-DAILY-AFTERNOON-REPORT--824090,,medium,PUBLIC_REAL
FORGE16B7832-01,3203.448,,"BIOTITE, BIOTITE WITH ALTERED SURFACES, MAGNETITE, TR HRNBLNDE, CHLORITE IP, EPIDOTE IP, TAN – LT BRN CLAY.",,Utah FORGE 16B(78)-32 ALT daily mud log,UTAH-FORGE-FRONTIER-16-16B-78-32-DAILY-AFTERNOON-REPORT--fcf1f4,,medium,PUBLIC_REAL
FORGE16B7832-01,3258.312,,"BIOTITE, BIOTITE WITH ALTERED SURFACES, TR HRNBLNDE, TR MAGNETITE, CHLORITE IP, TR EPIDOTE.",,Utah FORGE 16B(78)-32 ALT daily mud log,UTAH-FORGE-FRONTIER-16-16B-78-32-DAILY-AFTERNOON-REPORT--fcf1f4,,medium,PUBLIC_REAL
FORGE16B7832-01,3336.6456,,"BIOTITE, BIOTITE WITH ALTERED SURFACES, CHORITE IP, TR HRNBLNDE, EPIDOTE IP, TR CALCITE",,Utah FORGE 16B(78)-32 ALT daily mud log,UTAH-FORGE-FRONTIER-16-16B-78-32-DAILY-AFTERNOON-REPORT--fcf1f4,,medium,PUBLIC_REAL
FORGE16B7832-01,1486.8144,,"MD CALC, TR HRNBLND, TR BIOTIE, TR CHLOR, TR FREE PYR.",,Utah FORGE 16B(78)-32 ALT daily mud log,UTAH-FORGE-FRONTIER-16-16B-78-32-DAILY-MORNING-REPORT-5-,,medium,PUBLIC_REAL
FORGE16B7832-01,1496.568,,"TR CALC, HRNBLND, BIOTITE & YEL/GRN EPID.",,Utah FORGE 16B(78)-32 ALT daily mud log,UTAH-FORGE-FRONTIER-16-16B-78-32-DAILY-MORNING-REPORT-5--9d6fda,,medium,PUBLIC_REAL
FORGE16B7832-01,1514.856,,"HRNBLEND, TR SFT, WH, KAOLIN",,Utah FORGE 16B(78)-32 ALT daily mud log,UTAH-FORGE-FRONTIER-16-16B-78-32-DAILY-MORNING-REPORT-5--9d6fda,,medium,PUBLIC_REAL
FORGE16B7832-01,1517.2944,,"HRNBLEND, TR SFT, WH, KAOLIN",,Utah FORGE 16B(78)-32 ALT daily mud log,UTAH-FORGE-FRONTIER-16-16B-78-32-DAILY-MORNING-REPORT-5--9d6fda,,medium,PUBLIC_REAL
FORGE16B7832-01,1517.904,,"HRNBLEND, TR SFT, WH, KAOLIN",,Utah FORGE 16B(78)-32 ALT daily mud log,UTAH-FORGE-FRONTIER-16-16B-78-32-DAILY-MORNING-REPORT-5--a389b4,,medium,PUBLIC_REAL
FORGE16B7832-01,1816.608,,"MD TRNSL, TR BIOTIE MICA, TR HRNBLNDE, TR RD CLY FROM PIT WATER.",,Utah FORGE 16B(78)-32 ALT daily mud log,UTAH-FORGE-FRONTIER-16-16B-78-32-DAILY-MORNING-REPORT-5--26e02b,,medium,PUBLIC_REAL
FORGE16B7832-01,1871.472,,"MD HRNBLND, TR BIOTITE, TR CHLOR.",,Utah FORGE 16B(78)-32 ALT daily mud log,UTAH-FORGE-FRONTIER-16-16B-78-32-DAILY-MORNING-REPORT-5--26e02b,,medium,PUBLIC_REAL
FORGE16B7832-01,1908.048,,"MD SUC TXT, TR BIOTIE MICA, TR HRNBLNDE",,Utah FORGE 16B(78)-32 ALT daily mud log,UTAH-FORGE-FRONTIER-16-16B-78-32-DAILY-MORNING-REPORT-5--26e02b,,medium,PUBLIC_REAL
FORGE16B7832-01,2036.064,,"SUC TXT, OCC BIOTIE MICA, TR HRNBLND",,Utah FORGE 16B(78)-32 ALT daily mud log,UTAH-FORGE-FRONTIER-16-16B-78-32-DAILY-MORNING-REPORT-5--2b5cd6,,medium,PUBLIC_REAL
FORGE16B7832-01,2112.264,,"TXT, VF-F GRN, SCAT BIOTITE MICA, TR HRBLND, TR CALC; 1% METAL SHARDS",,Utah FORGE 16B(78)-32 ALT daily mud log,UTAH-FORGE-FRONTIER-16-16B-78-32-DAILY-MORNING-REPORT-5--b2814e,,medium,PUBLIC_REAL
FORGE16B7832-01,2118.36,,"SBANG, SUC TXT, TR BIOTIE MICA, TR HRNBLNDE",,Utah FORGE 16B(78)-32 ALT daily mud log,UTAH-FORGE-FRONTIER-16-16B-78-32-DAILY-MORNING-REPORT-5--b2814e,,medium,PUBLIC_REAL
FORGE16B7832-01,2255.52,,"10% BIOTITE, TR HRNBLNDE",,Utah FORGE 16B(78)-32 ALT daily mud log,UTAH-FORGE-FRONTIER-16-16B-78-32-DAILY-MORNING-REPORT-5--90f5fd,,medium,PUBLIC_REAL
FORGE16B7832-01,2310.384,,"WH, OPC, SBANG, SUC TXT, 10% BIOTITE MICA, TR HRNBLNDE, 1% METAL SHARDS",,Utah FORGE 16B(78)-32 ALT daily mud log,UTAH-FORGE-FRONTIER-16-16B-78-32-DAILY-MORNING-REPORT-5--90f5fd,,medium,PUBLIC_REAL
FORGE16B7832-01,2420.112,,"WH, OPC, SBANG, SUC TXT, TR 10% BIOTITE MICA, TR HRNBLNDE",,Utah FORGE 16B(78)-32 ALT daily mud log,UTAH-FORGE-FRONTIER-16-16B-78-32-DAILY-MORNING-REPORT-5--43930b,,medium,PUBLIC_REAL
FORGE16B7832-01,2462.784,,"WH, OPC, SBANG, SUC TXT, TR 20% BIOTITE MICA, TR HRNBLNDE, TR CHLORITE",,Utah FORGE 16B(78)-32 ALT daily mud log,UTAH-FORGE-FRONTIER-16-16B-78-32-DAILY-MORNING-REPORT-5--43930b,,medium,PUBLIC_REAL
FORGE16B7832-01,2465.832,,"MD MICA, TR HRNBLNDE, TR CHLOR.",,Utah FORGE 16B(78)-32 ALT daily mud log,UTAH-FORGE-FRONTIER-16-16B-78-32-DAILY-MORNING-REPORT-5--2fee66,,medium,PUBLIC_REAL
FORGE16B7832-01,2462.784,,"MD WH, OPC, SBANG, SUC TXT, TR 20% BIOTITE MICA, TR HRNBLNDE, TR CHLORITE",,Utah FORGE 16B(78)-32 ALT daily mud log,UTAH-FORGE-FRONTIER-16-16B-78-32-DAILY-MORNING-REPORT-5--2fee66,,medium,PUBLIC_REAL
FORGE16B7832-01,2517.648,,"MD WH, OPC, SBANG, SUC TXT, TR 20% BIOTITE MICA, TR HRNBLNDE",,Utah FORGE 16B(78)-32 ALT daily mud log,UTAH-FORGE-FRONTIER-16-16B-78-32-DAILY-MORNING-REPORT-5--2fee66,,medium,PUBLIC_REAL
FORGE16B7832-01,2825.496,,"TXT, BIOTITE 30%, SCAT HRNBLNDE",,Utah FORGE 16B(78)-32 ALT daily mud log,UTAH-FORGE-FRONTIER-16-16B-78-32-DAILY-MORNING-REPORT-5--62a690,,medium,PUBLIC_REAL
FORGE16B7832-01,2852.928,,"SUC TXT, BIOTITE, TR HRNBLNDE",,Utah FORGE 16B(78)-32 ALT daily mud log,UTAH-FORGE-FRONTIER-16-16B-78-32-DAILY-MORNING-REPORT-5--62a690,,medium,PUBLIC_REAL
FORGE16B7832-01,2990.088,,"HORNBLENDE, TR YELGRN TRANSL CHLORITE",,Utah FORGE 16B(78)-32 ALT daily mud log,UTAH-FORGE-FRONTIER-16-16B-78-32-DAILY-MORNING-REPORT-5--a8c891,,medium,PUBLIC_REAL
FORGE16B7832-01,1479.804,,"MD TR BIOTIE, SLI CALC.",,Utah FORGE 16B(78)-32 ALT daily mud log,UTAH-FORGE-FRONTIER-16-16B-78-32-DAILY-MORNING-REPORT-5--2e23a1,,medium,PUBLIC_REAL
FORGE16B7832-01,2990.088,,"HORNBLENDE, TR YELGRN CHLORITE",,Utah FORGE 16B(78)-32 ALT daily mud log,UTAH-FORGE-FRONTIER-16-16B-78-32-DAILY-MORNING-REPORT-6-,,medium,PUBLIC_REAL
FORGE16B7832-01,3005.328,,"MD COMMON , SCAT HORNBLENDE.",,Utah FORGE 16B(78)-32 ALT daily mud log,UTAH-FORGE-FRONTIER-16-16B-78-32-DAILY-MORNING-REPORT-6--98ceb4,,medium,PUBLIC_REAL
FORGE16B7832-01,3124.2,,"MD SBBLKY, VIT LSTR, EA TXT IP: BIOTITE, TR HRNBLNDE,",,Utah FORGE 16B(78)-32 ALT daily mud log,UTAH-FORGE-FRONTIER-16-16B-78-32-DAILY-MORNING-REPORT-6--fb7628,,medium,PUBLIC_REAL
FORGE16B7832-01,3126.0288,,"MD BIOTITE, TR HRNBLNDE",,Utah FORGE 16B(78)-32 ALT daily mud log,UTAH-FORGE-FRONTIER-16-16B-78-32-DAILY-MORNING-REPORT-6--f3d399,,medium,PUBLIC_REAL
FORGE16B7832-01,3126.0288,,"BIOTITE, TR HRNBLNDE",,Utah FORGE 16B(78)-32 ALT daily mud log,UTAH-FORGE-FRONTIER-16-16B-78-32-DAILY-MORNING-REPORT-6--f3d399,,medium,PUBLIC_REAL
FORGE16B7832-01,3130.296,,"MD GRN: COM BIOTITE, WEATHERING IP TR HORNBLNDE: 30% CLAY: LT TAN, NON-SWELLING, PRESENTS AS KAOLIN, MOD COHESIVE, NOT FULLY HYDRATED",,Utah FORGE 16B(78)-32 ALT daily mud log,UTAH-FORGE-FRONTIER-16-16B-78-32-DAILY-MORNING-REPORT-6--12c7dc,,medium,PUBLIC_REAL
FORGE16B7832-01,3131.5152,,"BIOTITE 30%, TR HRNBLNDE, TR CALCITE, TR CHLORITE",,Utah FORGE 16B(78)-32 ALT daily mud log,UTAH-FORGE-FRONTIER-16-16B-78-32-DAILY-MORNING-REPORT-6--12c7dc,,medium,PUBLIC_REAL
FORGE16B7832-01,3131.5152,,"MD BIOTITE 30%, TR HRNBLNDE, TR CALCITE, TR CHLORITE",,Utah FORGE 16B(78)-32 ALT daily mud log,UTAH-FORGE-FRONTIER-16-16B-78-32-DAILY-MORNING-REPORT-6--6405be,,medium,PUBLIC_REAL
FORGE16B7832-01,3136.392,,"MD SUC TXT, ALTERED SURFACES, STRIATIONS IP: BIOTITE, ALTERED BIOTITE IP, TR HRNBLNDE, TR CHLORITE",,Utah FORGE 16B(78)-32 ALT daily mud log,UTAH-FORGE-FRONTIER-16-16B-78-32-DAILY-MORNING-REPORT-6--e40b30,,medium,PUBLIC_REAL
FORGE16B7832-01,3139.44,,"SUC TXT, ALTERED SURFACES, STRIATIONS IP: BIOTITE, ALTERED BIOTITE IP, TR HRNBLNDE, TR CHLORITE",,Utah FORGE 16B(78)-32 ALT daily mud log,UTAH-FORGE-FRONTIER-16-16B-78-32-DAILY-MORNING-REPORT-6--e40b30,,medium,PUBLIC_REAL
FORGE16B7832-01,3139.44,,"BIOTITE IP, TR HRNBLNDE, TR CHLORITE, TR CALCITE.",,Utah FORGE 16B(78)-32 ALT daily mud log,UTAH-FORGE-FRONTIER-16-16B-78-32-DAILY-MORNING-REPORT-6--e40b30,,medium,PUBLIC_REAL
FORGE16B7832-01,3148.584,,"MD SURFACES, STRIATIONS IP: BIOTITE, ALTERED BIOTITE IP, (ILLITE?) TR HRNBLNDE, TR CHLORITE, TR EPIDOTE",,Utah FORGE 16B(78)-32 ALT daily mud log,UTAH-FORGE-FRONTIER-16-16B-78-32-DAILY-MORNING-REPORT-6--97e571,,medium,PUBLIC_REAL
FORGE16B7832-01,3188.8176,,"MD SURFACES,:BIOTITE, ALTERED BIOTITE IP, HEMATITE IP, TR HRNBLNDE, CHLORITE IP, TR EPIDOTE , SLI CALC, BF TN – LHT GRY CLAY IP.",,Utah FORGE 16B(78)-32 ALT daily mud log,UTAH-FORGE-FRONTIER-16-16B-78-32-DAILY-MORNING-REPORT-6--dabaee,,medium,PUBLIC_REAL
FORGE16B7832-01,3194.304,,"MD HRNBLNDE, CHLORITE IP, EPIDOTE IP, TR SERICITE, TAN – LT BRN CLAY.",,Utah FORGE 16B(78)-32 ALT daily mud log,UTAH-FORGE-FRONTIER-16-16B-78-32-DAILY-MORNING-REPORT-6--358cf3,,medium,PUBLIC_REAL
FORGE16B7832-01,3194.304,,"HRNBLNDE, CHLORITE IP, EPIDOTE IP, TR SERICITE, TAN – LT BRN CLAY.",,Utah FORGE 16B(78)-32 ALT daily mud log,UTAH-FORGE-FRONTIER-16-16B-78-32-DAILY-MORNING-REPORT-6--cc22ef,,medium,PUBLIC_REAL
FORGE16B7832-01,3336.6456,,"MD BIOTITE, BIOTITE WITH ALTERED SURFACES, CHORITE IP, TR HRNBLNDE, EPIDOTE IP, TR CALCITE",,Utah FORGE 16B(78)-32 ALT daily mud log,UTAH-FORGE-FRONTIER-16-16B-78-32-DAILY-MORNING-REPORT-6--e69854,,medium,PUBLIC_REAL
FORGE16B7832-01,1496.568,,"MD TR CALC, HRNBLND, BIOTITE & YEL/GRN EPID.",,Utah FORGE 16B(78)-32 ALT daily mud log,UTAH-FORGE-FRONTIER-16-16B-78-32-DAILY-AFTERNOON-REPORT--8e6ecf,,medium,PUBLIC_REAL
