wellbore_id,timestamp,md,mud_type,mud_weight,mud_weight_unit,plastic_viscosity,yield_point,funnel_viscosity,gel_10s,gel_10m,gel_30m,filtrate,cake,ph,es,solids_pct,oil_pct,water_pct,sand_pct,lgs_pct,chloride,calcium,low_solids_solids,excess_los,chlorine,cacl2,mud_temperature,in_pit,out_pit,losses,original_units,conversion_rule,source,source_document,source_page,confidence,data_origin
FORGE16B7832-01,2023-05-09T00:00:00,1476.756,WBM,1.0006,g/cm3,,,,,,,,,,,,,,,,,,,,,,,,,,ppg;ft,ppg->SG;ft->m (v1.1.0),Utah FORGE 16B(78)-32 ALT daily report,UTAH-FORGE-FRONTIER-16-16B-78-32-DAILY-AFTERNOON-REPORT--86b90d,,high,PUBLIC_REAL
FORGE16B7832-01,2023-05-10T00:00:00,1486.8144,WBM,1.0065,g/cm3,,,,,,,,,,,,,,,,,,,,,,,,,,ppg;ft,ppg->SG;ft->m (v1.1.0),Utah FORGE 16B(78)-32 ALT daily report,UTAH-FORGE-FRONTIER-16-16B-78-32-DAILY-MORNING-REPORT-5-,,high,PUBLIC_REAL
FORGE16B7832-01,2023-05-11T00:00:00,1496.568,WBM,1.0065,g/cm3,,,,,,,,,,,,,,,,,,,,,,,,,,ppg;ft,ppg->SG;ft->m (v1.1.0),Utah FORGE 16B(78)-32 ALT daily report,UTAH-FORGE-FRONTIER-16-16B-78-32-DAILY-AFTERNOON-REPORT--8e6ecf,,high,PUBLIC_REAL
FORGE16B7832-01,2023-05-12T00:00:00,1517.2944,WBM,1.0185,g/cm3,,,,,,,,,,,,,,,,,,,,,,,,,,ppg;ft,ppg->SG;ft->m (v1.1.0),Utah FORGE 16B(78)-32 ALT daily report,UTAH-FORGE-FRONTIER-16-16B-78-32-DAILY-AFTERNOON-REPORT--1bf4ea,,high,PUBLIC_REAL
FORGE16B7832-01,2023-05-13T00:00:00,1605.9912,WBM,1.0065,g/cm3,,,,,,,,,,,,,,,,,,,,,,,,,,ppg;ft,ppg->SG;ft->m (v1.1.0),Utah FORGE 16B(78)-32 ALT daily report,UTAH-FORGE-FRONTIER-16-16B-78-32-DAILY-AFTERNOON-REPORT--047937,,high,PUBLIC_REAL
FORGE16B7832-01,2023-05-15T00:00:00,1815.3888,WBM,1.0065,g/cm3,,,,,,,,,,,,,,,,,,,,,,,,,,ppg;ft,ppg->SG;ft->m (v1.1.0),Utah FORGE 16B(78)-32 ALT daily report,UTAH-FORGE-FRONTIER-16-16B-78-32-DAILY-AFTERNOON-REPORT-,,high,PUBLIC_REAL
FORGE16B7832-01,2023-05-16T00:00:00,1994.916,WBM,0.9946,g/cm3,,,,,,,,,,,,,,,,,,,,,,,,,,ppg;ft,ppg->SG;ft->m (v1.1.0),Utah FORGE 16B(78)-32 ALT daily report,UTAH-FORGE-FRONTIER-16-16B-78-32-DAILY-AFTERNOON-REPORT--f4aa4d,,high,PUBLIC_REAL
FORGE16B7832-01,2023-05-17T00:00:00,2014.4232,WBM,0.9946,g/cm3,,,,,,,,,,,,,,,,,,,,,,,,,,ppg;ft,ppg->SG;ft->m (v1.1.0),Utah FORGE 16B(78)-32 ALT daily report,UTAH-FORGE-FRONTIER-16-16B-78-32-DAILY-AFTERNOON-REPORT--226184,,high,PUBLIC_REAL
FORGE16B7832-01,2023-05-18T00:00:00,2065.6296,WBM,0.9946,g/cm3,,,,,,,,,,,,,,,,,,,,,,,,,,ppg;ft,ppg->SG;ft->m (v1.1.0),Utah FORGE 16B(78)-32 ALT daily report,UTAH-FORGE-FRONTIER-16-16B-78-32-DAILY-AFTERNOON-REPORT--ec29d6,,high,PUBLIC_REAL
FORGE16B7832-01,2023-05-19T00:00:00,2118.36,WBM,0.9946,g/cm3,,,,,,,,,,,,,,,,,,,,,,,,,,ppg;ft,ppg->SG;ft->m (v1.1.0),Utah FORGE 16B(78)-32 ALT daily report,UTAH-FORGE-FRONTIER-16-16B-78-32-DAILY-AFTERNOON-REPORT--adb0f6,,high,PUBLIC_REAL
FORGE16B7832-01,2023-05-20T00:00:00,2250.3384,WBM,1.0065,g/cm3,,,,,,,,,,,,,,,,,,,,,,,,,,ppg;ft,ppg->SG;ft->m (v1.1.0),Utah FORGE 16B(78)-32 ALT daily report,UTAH-FORGE-FRONTIER-16-16B-78-32-DAILY-AFTERNOON-REPORT--65e67f,,high,PUBLIC_REAL
FORGE16B7832-01,2023-05-21T00:00:00,2400.6048,WBM,1.0065,g/cm3,,,,,,,,,,,,,,,,,,,,,,,,,,ppg;ft,ppg->SG;ft->m (v1.1.0),Utah FORGE 16B(78)-32 ALT daily report,UTAH-FORGE-FRONTIER-16-16B-78-32-DAILY-AFTERNOON-REPORT--100487,,high,PUBLIC_REAL
FORGE16B7832-01,2023-05-22T00:00:00,2464.308,WBM,1.0065,g/cm3,,,,,,,,,,,,,,,,,,,,,,,,,,ppg;ft,ppg->SG;ft->m (v1.1.0),Utah FORGE 16B(78)-32 ALT daily report,UTAH-FORGE-FRONTIER-16-16B-78-32-DAILY-AFTERNOON-REPORT--dea543,,high,PUBLIC_REAL
FORGE16B7832-01,2023-05-23T00:00:00,2616.708,WBM,1.0065,g/cm3,,,,,,,,,,,,,,,,,,,,,,,,,,ppg;ft,ppg->SG;ft->m (v1.1.0),Utah FORGE 16B(78)-32 ALT daily report,UTAH-FORGE-FRONTIER-16-16B-78-32-DAILY-AFTERNOON-REPORT--4ad787,,high,PUBLIC_REAL
FORGE16B7832-01,2023-05-24T00:00:00,2616.708,WBM,1.0065,g/cm3,,,,,,,,,,,,,,,,,,,,,,,,,,ppg;ft,ppg->SG;ft->m (v1.1.0),Utah FORGE 16B(78)-32 ALT daily report,UTAH-FORGE-FRONTIER-16-16B-78-32-DAILY-AFTERNOON-REPORT--56882a,,high,PUBLIC_REAL
FORGE16B7832-01,2023-05-25T00:00:00,2820.924,WBM,1.0065,g/cm3,,,,,,,,,,,,,,,,,,,,,,,,,,ppg;ft,ppg->SG;ft->m (v1.1.0),Utah FORGE 16B(78)-32 ALT daily report,UTAH-FORGE-FRONTIER-16-16B-78-32-DAILY-AFTERNOON-REPORT--24a405,,high,PUBLIC_REAL
FORGE16B7832-01,2023-05-26T00:00:00,2820.924,WBM,1.0065,g/cm3,,,,,,,,,,,,,,,,,,,,,,,,,,ppg;ft,ppg->SG;ft->m (v1.1.0),Utah FORGE 16B(78)-32 ALT daily report,UTAH-FORGE-FRONTIER-16-16B-78-32-DAILY-AFTERNOON-REPORT--5183e7,,high,PUBLIC_REAL
FORGE16B7832-01,2023-05-27T00:00:00,2987.3448,WBM,1.0065,g/cm3,,,,,,,,,,,,,,,,,,,,,,,,,,ppg;ft,ppg->SG;ft->m (v1.1.0),Utah FORGE 16B(78)-32 ALT daily report,UTAH-FORGE-FRONTIER-16-16B-78-32-DAILY-AFTERNOON-REPORT--881d61,,high,PUBLIC_REAL
FORGE16B7832-01,2023-05-28T00:00:00,2987.04,WBM,1.0065,g/cm3,,,,,,,,,,,,,,,,,,,,,,,,,,ppg;ft,ppg->SG;ft->m (v1.1.0),Utah FORGE 16B(78)-32 ALT daily report,UTAH-FORGE-FRONTIER-16-16B-78-32-DAILY-AFTERNOON-REPORT--e89303,,high,PUBLIC_REAL
FORGE16B7832-01,2023-05-29T00:00:00,2987.04,WBM,1.0065,g/cm3,,,,,,,,,,,,,,,,,,,,,,,,,,ppg;ft,ppg->SG;ft->m (v1.1.0),Utah FORGE 16B(78)-32 ALT daily report,UTAH-FORGE-FRONTIER-16-16B-78-32-DAILY-AFTERNOON-REPORT--4720fb,,high,PUBLIC_REAL
FORGE16B7832-01,2023-05-30T00:00:00,2992.2216,WBM,1.0065,g/cm3,,,,,,,,,,,,,,,,,,,,,,,,,,ppg;ft,ppg->SG;ft->m (v1.1.0),Utah FORGE 16B(78)-32 ALT daily report,UTAH-FORGE-FRONTIER-16-16B-78-32-DAILY-AFTERNOON-REPORT--c5f749,,high,PUBLIC_REAL
FORGE16B7832-01,2023-05-31T00:00:00,2992.2216,WBM,1.0065,g/cm3,,,,,,,,,,,,,,,,,,,,,,,,,,ppg;ft,ppg->SG;ft->m (v1.1.0),Utah FORGE 16B(78)-32 ALT daily report,UTAH-FORGE-FRONTIER-16-16B-78-32-DAILY-AFTERNOON-REPORT--fecdeb,,high,PUBLIC_REAL
FORGE16B7832-01,2023-06-01T00:00:00,2994.0504,WBM,1.0065,g/cm3,,,,,,,,,,,,,,,,,,,,,,,,,,ppg;ft,ppg->SG;ft->m (v1.1.0),Utah FORGE 16B(78)-32 ALT daily report,UTAH-FORGE-FRONTIER-16-16B-78-32-DAILY-AFTERNOON-REPORT--88e553,,high,PUBLIC_REAL
FORGE16B7832-01,2023-06-02T00:00:00,3003.1944,WBM,1.0065,g/cm3,,,,,,,,,,,,,,,,,,,,,,,,,,ppg;ft,ppg->SG;ft->m (v1.1.0),Utah FORGE 16B(78)-32 ALT daily report,UTAH-FORGE-FRONTIER-16-16B-78-32-DAILY-AFTERNOON-REPORT--8257f8,,high,PUBLIC_REAL
FORGE16B7832-01,2023-06-03T00:00:00,3006.2424,WBM,1.0065,g/cm3,,,,,,,,,,,,,,,,,,,,,,,,,,ppg;ft,ppg->SG;ft->m (v1.1.0),Utah FORGE 16B(78)-32 ALT daily report,UTAH-FORGE-FRONTIER-16-16B-78-32-DAILY-AFTERNOON-REPORT--fc5dbd,,high,PUBLIC_REAL
FORGE16B7832-01,2023-06-04T00:00:00,3124.2,WBM,1.0065,g/cm3,,,,,,,,,,,,,,,,,,,,,,,,,,ppg;ft,ppg->SG;ft->m (v1.1.0),Utah FORGE 16B(78)-32 ALT daily report,UTAH-FORGE-FRONTIER-16-16B-78-32-DAILY-AFTERNOON-REPORT--59edcf,,high,PUBLIC_REAL
FORGE16B7832-01,2023-06-05T00:00:00,3126.0288,WBM,1.0065,g/cm3,,,,,,,,,,,,,,,,,,,,,,,,,,ppg;ft,ppg->SG;ft->m (v1.1.0),Utah FORGE 16B(78)-32 ALT daily report,UTAH-FORGE-FRONTIER-16-16B-78-32-DAILY-AFTERNOON-REPORT--57536e,,high,PUBLIC_REAL
FORGE16B7832-01,2023-06-06T00:00:00,3128.4672,WBM,1.0065,g/cm3,,,,,,,,,,,,,,,,,,,,,,,,,,ppg;ft,ppg->SG;ft->m (v1.1.0),Utah FORGE 16B(78)-32 ALT daily report,UTAH-FORGE-FRONTIER-16-16B-78-32-DAILY-AFTERNOON-REPORT--6e548a,,high,PUBLIC_REAL
FORGE16B7832-01,2023-06-07T00:00:00,3130.6008,WBM,1.0065,g/cm3,,,,,,,,,,,,,,,,,,,,,,,,,,ppg;ft,ppg->SG;ft->m (v1.1.0),Utah FORGE 16B(78)-32 ALT daily report,UTAH-FORGE-FRONTIER-16-16B-78-32-DAILY-AFTERNOON-REPORT--f14591,,high,PUBLIC_REAL
FORGE16B7832-01,2023-06-08T00:00:00,3131.5152,WBM,1.0065,g/cm3,,,,,,,,,,,,,,,,,,,,,,,,,,ppg;ft,ppg->SG;ft->m (v1.1.0),Utah FORGE 16B(78)-32 ALT daily report,UTAH-FORGE-FRONTIER-16-16B-78-32-DAILY-AFTERNOON-REPORT--3bf2e2,,high,PUBLIC_REAL
FORGE16B7832-01,2023-06-09T00:00:00,3131.5152,WBM,1.0065,g/cm3,,,,,,,,,,,,,,,,,,,,,,,,,,ppg;ft,ppg->SG;ft->m (v1.1.0),Utah FORGE 16B(78)-32 ALT daily report,UTAH-FORGE-FRONTIER-16-16B-78-32-DAILY-AFTERNOON-REPORT--0a5484,,high,PUBLIC_REAL
FORGE16B7832-01,2023-06-10T00:00:00,3134.868,WBM,1.0065,g/cm3,,,,,,,,,,,,,,,,,,,,,,,,,,ppg;ft,ppg->SG;ft->m (v1.1.0),Utah FORGE 16B(78)-32 ALT daily report,UTAH-FORGE-FRONTIER-16-16B-78-32-DAILY-AFTERNOON-REPORT--86486d,,high,PUBLIC_REAL
FORGE16B7832-01,2023-06-11T00:00:00,3140.6592,WBM,1.0065,g/cm3,,,,,,,,,,,,,,,,,,,,,,,,,,ppg;ft,ppg->SG;ft->m (v1.1.0),Utah FORGE 16B(78)-32 ALT daily report,UTAH-FORGE-FRONTIER-16-16B-78-32-DAILY-AFTERNOON-REPORT--c8cfbc,,high,PUBLIC_REAL
FORGE16B7832-01,2023-06-12T00:00:00,3176.016,WBM,1.0065,g/cm3,,,,,,,,,,,,,,,,,,,,,,,,,,ppg;ft,ppg->SG;ft->m (v1.1.0),Utah FORGE 16B(78)-32 ALT daily report,UTAH-FORGE-FRONTIER-16-16B-78-32-DAILY-AFTERNOON-REPORT--50e825,,high,PUBLIC_REAL
FORGE16B7832-01,2023-06-13T00:00:00,3187.2936,WBM,1.0065,g/cm3,,,,,,,,,,,,,,,,,,,,,,,,,,ppg;ft,ppg->SG;ft->m (v1.1.0),Utah FORGE 16B(78)-32 ALT daily report,UTAH-FORGE-FRONTIER-16-16B-78-32-DAILY-AFTERNOON-REPORT--91cb12,,high,PUBLIC_REAL
FORGE16B7832-01,2023-06-14T00:00:00,3188.8176,WBM,1.0065,g/cm3,,,,,,,,,,,,,,,,,,,,,,,,,,ppg;ft,ppg->SG;ft->m (v1.1.0),Utah FORGE 16B(78)-32 ALT daily report,UTAH-FORGE-FRONTIER-16-16B-78-32-DAILY-AFTERNOON-REPORT--e3e056,,high,PUBLIC_REAL
FORGE16B7832-01,2023-06-15T00:00:00,3194.9136,WBM,1.0065,g/cm3,,,,,,,,,,,,,,,,,,,,,,,,,,ppg;ft,ppg->SG;ft->m (v1.1.0),Utah FORGE 16B(78)-32 ALT daily report,UTAH-FORGE-FRONTIER-16-16B-78-32-DAILY-AFTERNOON-REPORT--824090,,high,PUBLIC_REAL
FORGE16B7832-01,2023-06-16T00:00:00,3198.2664,WBM,1.0065,g/cm3,,,,,,,,,,,,,,,,,,,,,,,,,,ppg;ft,ppg->SG;ft->m (v1.1.0),Utah FORGE 16B(78)-32 ALT daily report,UTAH-FORGE-FRONTIER-16-16B-78-32-DAILY-AFTERNOON-REPORT--bba153,,high,PUBLIC_REAL
FORGE16B7832-01,2023-06-17T00:00:00,3336.6456,WBM,1.0065,g/cm3,,,,,,,,,,,,,,,,,,,,,,,,,,ppg;ft,ppg->SG;ft->m (v1.1.0),Utah FORGE 16B(78)-32 ALT daily report,UTAH-FORGE-FRONTIER-16-16B-78-32-DAILY-AFTERNOON-REPORT--fcf1f4,,high,PUBLIC_REAL
FORGE16B7832-01,2023-06-18T00:00:00,3336.6456,WBM,1.0065,g/cm3,,,,,,,,,,,,,,,,,,,,,,,,,,ppg;ft,ppg->SG;ft->m (v1.1.0),Utah FORGE 16B(78)-32 ALT daily report,UTAH-FORGE-FRONTIER-16-16B-78-32-DAILY-AFTERNOON-REPORT--f1e48f,,high,PUBLIC_REAL
FORGE16B7832-01,2023-06-19T00:00:00,3336.6456,WBM,1.0065,g/cm3,,,,,,,,,,,,,,,,,,,,,,,,,,ppg;ft,ppg->SG;ft->m (v1.1.0),Utah FORGE 16B(78)-32 ALT daily report,UTAH-FORGE-FRONTIER-16-16B-78-32-DAILY-AFTERNOON-REPORT--627501,,high,PUBLIC_REAL
FORGE16B7832-01,2023-06-20T00:00:00,3336.6456,WBM,1.0065,g/cm3,,,,,,,,,,,,,,,,,,,,,,,,,,ppg;ft,ppg->SG;ft->m (v1.1.0),Utah FORGE 16B(78)-32 ALT daily report,UTAH-FORGE-FRONTIER-16-16B-78-32-DAILY-AFTERNOON-REPORT--f3f770,,high,PUBLIC_REAL
FORGE16B7832-01,2023-06-21T00:00:00,3336.6456,WBM,1.0065,g/cm3,,,,,,,,,,,,,,,,,,,,,,,,,,ppg;ft,ppg->SG;ft->m (v1.1.0),Utah FORGE 16B(78)-32 ALT daily report,UTAH-FORGE-FRONTIER-16-16B-78-32-DAILY-AFTERNOON-REPORT--1373c5,,high,PUBLIC_REAL
FORGE16B7832-01,2023-06-22T00:00:00,3336.6456,WBM,1.0065,g/cm3,,,,,,,,,,,,,,,,,,,,,,,,,,ppg;ft,ppg->SG;ft->m (v1.1.0),Utah FORGE 16B(78)-32 ALT daily report,UTAH-FORGE-FRONTIER-16-16B-78-32-DAILY-AFTERNOON-REPORT--6e4aca,,high,PUBLIC_REAL
FORGE16B7832-01,2023-06-23T00:00:00,3336.6456,WBM,1.0065,g/cm3,,,,,,,,,,,,,,,,,,,,,,,,,,ppg;ft,ppg->SG;ft->m (v1.1.0),Utah FORGE 16B(78)-32 ALT daily report,UTAH-FORGE-FRONTIER-16-16B-78-32-DAILY-AFTERNOON-REPORT--3afe82,,high,PUBLIC_REAL
FORGE16B7832-01,2023-06-24T00:00:00,3336.6456,WBM,1.0065,g/cm3,,,,,,,,,,,,,,,,,,,,,,,,,,ppg;ft,ppg->SG;ft->m (v1.1.0),Utah FORGE 16B(78)-32 ALT daily report,UTAH-FORGE-FRONTIER-16-16B-78-32-DAILY-AFTERNOON-REPORT--6b5efa,,high,PUBLIC_REAL
FORGE16B7832-01,2023-06-25T00:00:00,3336.6456,WBM,1.0065,g/cm3,,,,,,,,,,,,,,,,,,,,,,,,,,ppg;ft,ppg->SG;ft->m (v1.1.0),Utah FORGE 16B(78)-32 ALT daily report,UTAH-FORGE-FRONTIER-16-16B-78-32-DAILY-AFTERNOON-REPORT--e038b5,,high,PUBLIC_REAL
FORGE16B7832-01,2023-06-26T00:00:00,3336.6456,WBM,1.0065,g/cm3,,,,,,,,,,,,,,,,,,,,,,,,,,ppg;ft,ppg->SG;ft->m (v1.1.0),Utah FORGE 16B(78)-32 ALT daily report,UTAH-FORGE-FRONTIER-16-16B-78-32-DAILY-AFTERNOON-REPORT--a141e2,,high,PUBLIC_REAL
FORGE16B7832-01,2023-06-27T00:00:00,3336.6456,WBM,1.0065,g/cm3,,,,,,,,,,,,,,,,,,,,,,,,,,ppg;ft,ppg->SG;ft->m (v1.1.0),Utah FORGE 16B(78)-32 ALT daily report,UTAH-FORGE-FRONTIER-16-16B-78-32-DAILY-MORNING-REPORT-6--ec3b71,,high,PUBLIC_REAL
FORGE16B7832-01,2023-06-28T00:00:00,3336.6456,WBM,1.0065,g/cm3,,,,,,,,,,,,,,,,,,,,,,,,,,ppg;ft,ppg->SG;ft->m (v1.1.0),Utah FORGE 16B(78)-32 ALT daily report,UTAH-FORGE-FRONTIER-16-16B-78-32-DAILY-MORNING-REPORT-6--aded6e,,high,PUBLIC_REAL
FORGE16B7832-01,2023-06-29T00:00:00,3336.6456,WBM,1.0065,g/cm3,,,,,,,,,,,,,,,,,,,,,,,,,,ppg;ft,ppg->SG;ft->m (v1.1.0),Utah FORGE 16B(78)-32 ALT daily report,UTAH-FORGE-FRONTIER-16-16B-78-32-DAILY-MORNING-REPORT-6--2ef51c,,high,PUBLIC_REAL
FORGE16B7832-01,2023-06-30T00:00:00,3336.6456,WBM,1.0065,g/cm3,,,,,,,,,,,,,,,,,,,,,,,,,,ppg;ft,ppg->SG;ft->m (v1.1.0),Utah FORGE 16B(78)-32 ALT daily report,UTAH-FORGE-FRONTIER-16-16B-78-32-DAILY-AFTERNOON-REPORT--971bad,,high,PUBLIC_REAL
FORGE16B7832-01,2023-07-01T00:00:00,3336.6456,WBM,1.0065,g/cm3,,,,,,,,,,,,,,,,,,,,,,,,,,ppg;ft,ppg->SG;ft->m (v1.1.0),Utah FORGE 16B(78)-32 ALT daily report,UTAH-FORGE-FRONTIER-16-16B-78-32-DAILY-AFTERNOON-REPORT--da90b5,,high,PUBLIC_REAL
FORGE16B7832-01,2023-07-02T00:00:00,3336.6456,WBM,1.0065,g/cm3,,,,,,,,,,,,,,,,,,,,,,,,,,ppg;ft,ppg->SG;ft->m (v1.1.0),Utah FORGE 16B(78)-32 ALT daily report,UTAH-FORGE-FRONTIER-16-16B-78-32-DAILY-AFTERNOON-REPORT--1da921,,high,PUBLIC_REAL
FORGE16B7832-01,2023-07-03T00:00:00,3336.6456,WBM,1.0065,g/cm3,,,,,,,,,,,,,,,,,,,,,,,,,,ppg;ft,ppg->SG;ft->m (v1.1.0),Utah FORGE 16B(78)-32 ALT daily report,UTAH-FORGE-FRONTIER-16-16B-78-32-DAILY-AFTERNOON-REPORT--8c3e9b,,high,PUBLIC_REAL
FORGE16B7832-01,2023-07-04T00:00:00,3336.6456,WBM,1.0065,g/cm3,,,,,,,,,,,,,,,,,,,,,,,,,,ppg;ft,ppg->SG;ft->m (v1.1.0),Utah FORGE 16B(78)-32 ALT daily report,UTAH-FORGE-FRONTIER-16-16B-78-32-DAILY-MORNING-REPORT-7--cd6998,,high,PUBLIC_REAL
FORGE16B7832-01,2023-07-05T00:00:00,3336.6456,WBM,1.0065,g/cm3,,,,,,,,,,,,,,,,,,,,,,,,,,ppg;ft,ppg->SG;ft->m (v1.1.0),Utah FORGE 16B(78)-32 ALT daily report,UTAH-FORGE-FRONTIER-16-16B-78-32-DAILY-AFTERNOON-REPORT--158cbe,,high,PUBLIC_REAL
FORGE16B7832-01,2023-07-06T00:00:00,3336.6456,WBM,1.0065,g/cm3,,,,,,,,,,,,,,,,,,,,,,,,,,ppg;ft,ppg->SG;ft->m (v1.1.0),Utah FORGE 16B(78)-32 ALT daily report,UTAH-FORGE-FRONTIER-16-16B-78-32-DAILY-AFTERNOON-REPORT--7e710d,,high,PUBLIC_REAL
FORGE16B7832-01,2023-07-07T00:00:00,3336.6456,WBM,1.0065,g/cm3,,,,,,,,,,,,,,,,,,,,,,,,,,ppg;ft,ppg->SG;ft->m (v1.1.0),Utah FORGE 16B(78)-32 ALT daily report,UTAH-FORGE-FRONTIER-16-16B-78-32-DAILY-MORNING-REPORT-7--45d20a,,high,PUBLIC_REAL
FORGE16B7832-01,2023-07-08T00:00:00,3336.6456,WBM,1.0065,g/cm3,,,,,,,,,,,,,,,,,,,,,,,,,,ppg;ft,ppg->SG;ft->m (v1.1.0),Utah FORGE 16B(78)-32 ALT daily report,UTAH-FORGE-FRONTIER-16-16B-78-32-DAILY-MORNING-REPORT-7--22cfb9,,high,PUBLIC_REAL
FORGE16B7832-01,2023-07-09T00:00:00,3336.6456,WBM,1.0065,g/cm3,,,,,,,,,,,,,,,,,,,,,,,,,,ppg;ft,ppg->SG;ft->m (v1.1.0),Utah FORGE 16B(78)-32 ALT daily report,UTAH-FORGE-FRONTIER-16-16B-78-32-DAILY-AFTERNOON-REPORT--a82212,,high,PUBLIC_REAL
FORGE16B7832-01,2023-07-10T00:00:00,3336.6456,WBM,1.0065,g/cm3,,,,,,,,,,,,,,,,,,,,,,,,,,ppg;ft,ppg->SG;ft->m (v1.1.0),Utah FORGE 16B(78)-32 ALT daily report,UTAH-FORGE-FRONTIER-16-16B-78-32-DAILY-AFTERNOON-REPORT--f60310,,high,PUBLIC_REAL
FORGE16B7832-01,2023-07-11T00:00:00,3336.6456,WBM,1.0065,g/cm3,,,,,,,,,,,,,,,,,,,,,,,,,,ppg;ft,ppg->SG;ft->m (v1.1.0),Utah FORGE 16B(78)-32 ALT daily report,UTAH-FORGE-FRONTIER-16-16B-78-32-DAILY-AFTERNOON-REPORT--bfb155,,high,PUBLIC_REAL
FORGE16B7832-01,2023-07-12T00:00:00,3336.6456,WBM,1.0065,g/cm3,,,,,,,,,,,,,,,,,,,,,,,,,,ppg;ft,ppg->SG;ft->m (v1.1.0),Utah FORGE 16B(78)-32 ALT daily report,UTAH-FORGE-FRONTIER-16-16B-78-32-DAILY-AFTERNOON-REPORT--6785e0,,high,PUBLIC_REAL
FORGE16B7832-01,2023-07-13T00:00:00,3336.6456,WBM,1.0065,g/cm3,,,,,,,,,,,,,,,,,,,,,,,,,,ppg;ft,ppg->SG;ft->m (v1.1.0),Utah FORGE 16B(78)-32 ALT daily report,UTAH-FORGE-FRONTIER-16-16B-78-32-DAILY-AFTERNOON-REPORT--594ffa,,high,PUBLIC_REAL
FORGE16B7832-01,2023-07-14T00:00:00,3336.6456,WBM,1.0065,g/cm3,,,,,,,,,,,,,,,,,,,,,,,,,,ppg;ft,ppg->SG;ft->m (v1.1.0),Utah FORGE 16B(78)-32 ALT daily report,UTAH-FORGE-FRONTIER-16-16B-78-32-DAILY-AFTERNOON-REPORT--bfc40a,,high,PUBLIC_REAL
FORGE16B7832-01,2023-07-15T00:00:00,3336.6456,WBM,1.0065,g/cm3,,,,,,,,,,,,,,,,,,,,,,,,,,ppg;ft,ppg->SG;ft->m (v1.1.0),Utah FORGE 16B(78)-32 ALT daily report,UTAH-FORGE-FRONTIER-16-16B-78-32-DAILY-AFTERNOOON-REPORT,,high,PUBLIC_REAL
FORGE16B7832-01,2023-07-16T00:00:00,3336.6456,WBM,1.0065,g/cm3,,,,,,,,,,,,,,,,,,,,,,,,,,ppg;ft,ppg->SG;ft->m (v1.1.0),Utah FORGE 16B(78)-32 ALT daily report,UTAH-FORGE-FRONTIER-16-16B-78-32-DAILY-AFTERNOON-REPORT--9646d5,,high,PUBLIC_REAL
FORGE16B7832-01,2023-07-17T00:00:00,3336.6456,WBM,1.0065,g/cm3,,,,,,,,,,,,,,,,,,,,,,,,,,ppg;ft,ppg->SG;ft->m (v1.1.0),Utah FORGE 16B(78)-32 ALT daily report,UTAH-FORGE-FRONTIER-16-16B-78-32-DAILY-AFTERNOON-REPORT--950a75,,high,PUBLIC_REAL
FORGE16B7832-01,2023-07-18T00:00:00,3336.6456,WBM,1.0065,g/cm3,,,,,,,,,,,,,,,,,,,,,,,,,,ppg;ft,ppg->SG;ft->m (v1.1.0),Utah FORGE 16B(78)-32 ALT daily report,UTAH-FORGE-FRONTIER-16-16B-78-32-DAILY-AFTERNOON-REPORT--632919,,high,PUBLIC_REAL
FORGE16B7832-01,2023-07-20T00:00:00,3336.6456,WBM,1.0065,g/cm3,,,,,,,,,,,,,,,,,,,,,,,,,,ppg;ft,ppg->SG;ft->m (v1.1.0),Utah FORGE 16B(78)-32 ALT daily report,UTAH-FORGE-FRONTIER-16-16B-78-32-DAILY-AFTERNOON-REPORT--772557,,high,PUBLIC_REAL
FORGE16B7832-01,2023-07-21T00:00:00,3336.6456,WBM,1.0065,g/cm3,,,,,,,,,,,,,,,,,,,,,,,,,,ppg;ft,ppg->SG;ft->m (v1.1.0),Utah FORGE 16B(78)-32 ALT daily report,UTAH-FORGE-FRONTIER-16-16B-78-32-DAILY-MORNING-REPORT-7--5609f9,,high,PUBLIC_REAL
