canonical_type,source_term,mapping_rule,exclusion_rule,base_confidence,kind,notes
STUCK_PIPE,stuck; tight hole; pulled tight; working tight; overpull with pumps,\bstuck\b|\btight hole\b|\bpulling tight\b|\bpulled tight\b|\bworking tight\b|\boverpull(?:ing)?\b,packoff|pack-off tool|stuck roll,high,DRILLING_HAZARD,overpull + pumps on a tight interval is a stuck-pipe indicator
PACK_OFF,"pack-off; packoff (HIGH false-positive rate: usually a casing wellhead pack-off, not a stuck-pipe pack-off)",\bpack-?off\b,casing pack-?off|pack-?off body|pack-?off flange|install(?:ed|ing)? pack-?off|insert pack-?off|hanger pack-?off|pack-?off and flange,low,DRILLING_HAZARD,casing/wellhead pack-off is NOT a stuck-pipe pack-off
WASHOUT,washout; hole washout; calculated N% hole washout,\bwash-?out\b|\bhole wash-?out\b,,high,DRILLING_HAZARD,'3% hole washout' is a direct washout report
KICK,kick; gas influx; influx; blowout (EXCLUDE 'kick off drilling' = resume drilling),\bkick\b|\bgas influx\b|\binflux\b|\bblowout\b,kick off drill|kick off drilling|kick off at|kicked off|kick-?off drill,low,DRILLING_HAZARD,"EXCLUDE 'kick off drilling' = resume drilling, not an influx"
MUD_LOSS,lost circulation; mud loss; losing mud; lost returns; no returns (EXCLUDE 'no losses'),\blost circulation\b|\bmud loss\b|\blosing mud\b|\blost returns\b|\bno returns\b,no losses\b|losses?\s*[:=]\s*0(?:\.0+)?\b,high,DRILLING_HAZARD,exclude explicit 'no losses' negations
WELLBORE_INSTABILITY,hole collapse; washout; cavings; keyseating; wall slough,\bhole collapse\b|\bwash-?out\b|\bcavings\b|\bkeyseating\b|\bkey seat\b|\bwall slough,,medium,DRILLING_HAZARD,
CEMENT_FAILURE,"no cement; cement failed; cement missing (EXCLUDE 'cement to surface', usually a result not a failure)","\bno cement\b|\bcement.{0,30}\bfail|\bcement.{0,20}\bmiss(?:ing|ed)?\b|\bcement.{0,20}\bto surface\b",,low,DRILLING_HAZARD,'cement to surface' is often a RESULT not a failure
EQUIPMENT_FAILURE,troubleshoot; equipment problem; bad encoder; waited on; blower motor; tool would not; no signal; quit working,\btroubleshoot\b|\bequipment problem|\bbad encoder\b|\bwaited on\b|\bwaiting on\b|\bblower motor\b|\btool would not\b|\bno signal\b|\bquit working\b|\bbroke\b,,medium,OPERATIONAL,surface equipment / tool failures; real NPT drivers
NPT,NPT; non-productive time,\bnon-?productive time\b|\bNPT\b,,medium,OPERATIONAL,
WELL_CONTROL,,,,unmapped,RESERVED_FOR_OIL,Declared in the ontology but NOT yet mapped to any source. No public source in this repository reports this term. Populate only from OIL DDRs.
TWIST_OFF,,,,unmapped,RESERVED_FOR_OIL,Declared in the ontology but NOT yet mapped to any source. No public source in this repository reports this term. Populate only from OIL DDRs.
BLOWOUT,,,,unmapped,RESERVED_FOR_OIL,Declared in the ontology but NOT yet mapped to any source. No public source in this repository reports this term. Populate only from OIL DDRs.
CAVINGS,,,,unmapped,RESERVED_FOR_OIL,Declared in the ontology but NOT yet mapped to any source. No public source in this repository reports this term. Populate only from OIL DDRs.
TIGHT_HOLE,,,,unmapped,RESERVED_FOR_OIL,Declared in the ontology but NOT yet mapped to any source. No public source in this repository reports this term. Populate only from OIL DDRs.
DIFFERENTIAL_STICKING,,,,unmapped,RESERVED_FOR_OIL,Declared in the ontology but NOT yet mapped to any source. No public source in this repository reports this term. Populate only from OIL DDRs.
LOST_RETURNS,,,,unmapped,RESERVED_FOR_OIL,Declared in the ontology but NOT yet mapped to any source. No public source in this repository reports this term. Populate only from OIL DDRs.
