well,rows,split,source_file,CALI,BS,ROPA,ROP,RDEP,RSHA,RMED,RXO,RMIC,DTS,DTC,NPHI,PEF,GR,RHOB,DRHO,DCAL,SP,MUDWEIGHT,SGR
15/9-13,18270,train,train.csv,0,18270,18270,109,0,16647,0,16643,18270,18270,81,4238,1830,0,0,0,18270,0,806,18270
15/9-14,20281,leaderboard_test_features,leaderboard_test_features.csv,0,20281,20281,22,0,16279,22,16269,20281,20281,58,0,3587,0,0,0,20281,0,12,20281
15/9-15,17717,train,train.csv,82,2,17717,27,0,0,0,0,17717,17717,9,4371,55,0,196,88,80,0,1,17717
15/9-17,17350,train,train.csv,0,17350,17350,60,0,4276,18,4216,17350,17350,26,3554,708,0,654,652,17350,0,0,0
15/9-23,11063,hidden_test,hidden_test.csv,0,0,39,36,0,11063,54,11063,11063,639,122,26,226,0,54,0,0,11063,11063,11063
16/1-2,1734,train,train.csv,0,0,1734,0,0,0,0,1734,1734,1734,0,88,1734,0,95,0,1734,0,0,1734
16/1-6 A,3623,train,train.csv,10,0,3623,0,0,3623,26,3623,3623,3623,140,8,144,0,144,3623,3623,3623,0,3623
16/10-1,17675,train,train.csv,0,0,17675,0,0,11923,168,11207,17675,17675,20,6244,6243,0,6402,6244,141,119,733,17675
16/10-2,2437,train,train.csv,23,0,2437,2437,0,2437,0,2437,2437,2437,0,0,2,0,0,0,0,0,1162,2437
16/10-3,15956,train,train.csv,0,0,15956,0,0,44,0,15956,15956,12199,45,11293,5886,0,5471,5203,129,4918,0,15956
16/10-5,2765,train,train.csv,77,0,0,0,10,10,10,2765,2765,1579,103,112,164,0,164,0,0,2765,2765,2765
16/11-1 ST3,14938,train,train.csv,0,47,14938,88,7374,11466,7359,14938,14938,14938,0,11295,14938,0,11365,11406,14938,7360,5354,14938
16/2-11 A,10708,train,train.csv,0,0,0,0,9,10708,33,10708,9073,6890,65,143,312,0,312,236,10708,10708,10708,10708
16/2-16,10025,train,train.csv,0,0,10025,23,0,10025,28,10025,10025,6602,74,127,342,0,342,207,10025,10025,10025,10025
16/2-6,9138,train,train.csv,170,0,0,0,0,9138,0,9138,9138,7250,255,217,315,0,315,196,9138,9138,9138,9138
16/2-7,11683,hidden_test,hidden_test.csv,1,0,0,0,0,11683,70,11683,10010,5230,0,459,475,0,469,416,652,11683,11683,11683
16/4-1,14082,train,train.csv,8,8,14082,0,0,1658,693,9613,14082,14082,10,0,13260,0,9,0,0,0,0,14082
16/5-3,3021,train,train.csv,0,0,0,0,0,3021,5,3021,18,0,0,42,18,0,18,0,3021,3021,3021,3021
16/7-4,10010,train,train.csv,37,0,10010,0,0,8260,0,10010,10010,10010,0,0,10010,0,0,231,37,0,0,10010
16/7-5,15590,train,train.csv,35,15590,15590,0,0,0,0,15590,15590,15590,19,5297,5304,0,5298,5297,15590,0,0,15590
16/7-6,10222,hidden_test,hidden_test.csv,3,0,10222,0,0,0,0,10222,290,320,0,0,33,0,0,0,0,0,10222,9083
16/8-1,6685,train,train.csv,0,6685,6685,38,0,0,0,6685,6685,6685,112,1698,6685,0,0,0,6685,0,40,6685
17/11-1,20099,train,train.csv,0,20099,20099,33,0,4917,7634,20099,20099,20099,2326,2637,20099,0,1647,1647,20099,7633,756,20099
17/4-1,17271,hidden_test,hidden_test.csv,0,17271,17271,50,0,11098,6260,10564,17271,17271,0,10409,17271,0,5029,6116,17271,8080,17271,17271
25/10-10,9320,leaderboard_test_features,leaderboard_test_features.csv,0,0,68,0,43,43,45,9320,6291,6346,205,81,107,0,107,44,0,9320,9320,9320
25/10-9,10788,hidden_test,hidden_test.csv,0,0,7,0,0,10788,62,10788,10788,239,99,172,106,0,206,0,0,10788,10788,10788
25/11-15,2284,train,train.csv,0,0,2284,0,0,0,0,2284,2284,2284,0,0,2284,0,0,0,2284,0,0,2284
25/11-19 S,6975,train,train.csv,0,6975,6975,27,0,0,0,6975,6975,6975,46,6,23,0,0,106,6975,6975,103,6975
25/11-24,4195,leaderboard_test_features,leaderboard_test_features.csv,0,0,0,0,0,4195,53,4195,181,0,0,132,69,0,64,0,0,4195,4195,4195
25/11-5,5060,train,train.csv,0,0,5060,32,0,5060,0,5060,5060,5060,0,0,5060,0,0,0,0,0,0,5060
25/2-13 T4,21062,train,train.csv,0,0,21062,21062,0,238,240,17948,21062,21062,121,17116,2599,0,464,325,222,0,21062,21062
25/2-14,15840,train,train.csv,0,0,15840,15608,0,0,0,15840,15840,15840,645,11922,43,0,0,0,0,0,15840,15840
25/2-7,25131,train,train.csv,0,0,25131,15424,0,2,0,23245,25131,25131,37,13086,0,0,0,0,25131,0,14736,25131
25/3-1,21186,train,train.csv,25,0,21186,0,0,14919,61,14906,15300,21186,148,15066,71,0,68,64,125,0,0,21186
25/4-5,23005,train,train.csv,0,0,23005,23005,0,16778,9,23005,16849,23005,56,0,17226,0,0,26,0,23005,23005,23005
25/5-1,18473,train,train.csv,0,18473,18473,0,0,15507,59,15505,18473,18473,138,15121,16,0,15,15,18473,0,288,18473
25/5-3,11324,leaderboard_test_features,leaderboard_test_features.csv,3,233,11324,11324,0,10457,177,10439,11324,11324,207,7850,280,0,233,234,11324,305,11324,11324
25/5-4,12997,train,train.csv,2,0,12997,12997,7,11295,19,0,12997,12997,1,10426,14,0,0,17,18,0,12997,12997
25/6-1,6209,train,train.csv,0,0,6209,0,0,0,0,6209,6209,6209,0,1792,6209,0,29,0,0,17,0,6209
25/6-2,2925,train,train.csv,0,0,2925,0,0,698,0,694,696,2925,16,701,2925,0,0,0,2925,0,0,2925
25/6-3,11985,train,train.csv,0,0,11985,0,0,3790,41,11985,3790,0,0,3793,11985,0,3793,11985,11985,9862,3931,11985
25/7-2,23879,train,train.csv,0,0,23879,0,0,243,63,151,0,23879,57,17668,14774,0,105,108,0,6231,23879,21102
25/8-5 S,14596,train,train.csv,0,0,14596,0,0,9,80,0,7256,12505,6553,670,643,0,643,505,107,7194,147,14596
25/8-7,8999,train,train.csv,0,0,8999,308,355,798,355,8999,1199,8999,388,6342,6507,0,6507,6507,441,3740,406,8999
25/9-1,15743,train,train.csv,5935,0,15743,69,0,6308,4263,5969,6092,15743,11569,12087,12058,0,12058,11691,15743,9968,6039,15743
26/4-1,19577,train,train.csv,0,0,19577,205,0,224,128,19577,19577,19577,101,6314,6412,0,6456,6459,45,16,349,19577
29/3-1,24213,leaderboard_test_features,leaderboard_test_features.csv,5594,24213,24213,24213,0,24213,32,24213,24213,24213,0,15764,18253,0,15766,15768,24213,13981,24213,24213
29/6-1,24464,train,train.csv,1,24464,24464,24464,0,10318,26,11637,24464,24464,0,20013,21034,0,20013,20013,24464,0,24464,18828
30/3-3,21163,train,train.csv,78,21163,21163,21163,0,59,11,55,21163,21163,543,17242,9357,0,353,355,21163,0,21163,21163
30/3-5 S,4382,train,train.csv,240,4382,4382,4382,0,4382,0,4382,4382,4382,709,0,10,0,0,0,4382,4382,4382,4382
30/6-5,21636,train,train.csv,0,21636,21636,16208,0,93,0,93,21636,21636,41,4240,19064,0,4240,4240,21636,0,21636,21636
31/2-1,8274,train,train.csv,0,0,8274,8274,17,0,0,5613,8274,8274,0,0,8274,0,0,0,8274,0,8274,8274
31/2-10,9033,hidden_test,hidden_test.csv,80,9033,9033,9033,0,6862,12,6846,9033,9033,61,0,0,0,0,0,9033,0,9033,9033
31/2-19 S,16455,train,train.csv,33,0,16455,16455,41,47,33,44,44,6423,0,21,0,0,33,36,33,283,16455,16455
31/2-21 S,7840,hidden_test,hidden_test.csv,0,0,0,0,0,7840,0,7840,7840,217,154,28,45,0,45,0,7840,7840,7840,7840
31/2-7,8004,train,train.csv,0,8004,8004,8004,0,6937,0,6824,8004,8004,445,0,6919,0,0,0,8004,0,8004,6904
31/2-8,19025,train,train.csv,0,19025,19025,19025,0,12303,0,12301,19025,19025,53,0,8233,0,0,0,19025,0,19025,8209
31/2-9,8699,train,train.csv,0,8699,8699,8699,0,6896,0,6894,8699,8699,16,1,20,0,8,0,8699,0,8699,6865
31/3-1,13236,train,train.csv,6156,6154,13236,13236,463,9554,412,13236,9624,13236,456,6112,13236,0,3319,3099,13236,0,13236,13236
31/3-2,10750,train,train.csv,7003,7001,10750,10750,0,9612,82,9576,9928,10750,192,104,9511,0,61,64,10750,73,10750,10750
31/3-3,11624,train,train.csv,7888,7888,11624,11624,0,0,0,11624,11624,11624,0,14,11624,0,45,44,11624,0,11624,11624
31/3-4,5377,train,train.csv,0,0,0,0,0,20,20,5377,469,399,126,15,28,0,28,0,5377,5377,5377,5377
31/4-10,8679,train,train.csv,0,8679,117,8679,0,0,10,109,8679,8679,1,6471,8679,0,0,6471,8679,270,8679,8679
31/4-5,13352,train,train.csv,0,13352,13352,13352,0,11167,51,11165,11165,13352,44,6937,9146,0,124,116,13352,0,13352,9104
31/5-4 S,11314,train,train.csv,9009,11314,11314,11314,1791,9026,9009,9009,11314,11314,9547,8882,11314,0,8897,8897,11314,9009,11314,11314
31/6-5,11098,train,train.csv,6827,6825,11098,11098,0,9772,31,11098,11098,11098,0,6658,11098,0,1680,1662,11098,0,11098,11098
31/6-8,9531,train,train.csv,5671,5670,9531,9531,0,8046,12,7996,9531,9531,50,0,9531,0,0,0,9531,0,9531,9531
32/2-1,3049,train,train.csv,24,0,0,0,8,82,82,3049,3049,2808,161,60,99,0,99,32,3049,3049,3049,3049
33/5-2,4091,train,train.csv,0,16,4091,4091,0,1594,0,4091,4091,4091,25,0,4091,0,21,19,4091,0,4091,4091
33/6-3 S,12681,train,train.csv,0,0,0,0,0,12681,24,12681,12681,105,97,384,8601,0,8600,8519,12681,12681,12681,12681
33/9-1,17278,train,train.csv,11905,11904,17278,17278,0,15253,0,17278,17278,17278,1,6915,17278,0,6885,6886,17278,0,17278,17278
33/9-17,17718,train,train.csv,377,377,0,17718,0,0,379,8352,17718,17718,377,377,379,0,377,0,17718,377,17718,17718
34/10-16 R,25095,leaderboard_test_features,leaderboard_test_features.csv,35,25095,25095,25095,0,144,30,144,25095,25095,68,8474,198,0,0,2387,25095,0,25095,25095
34/10-19,12644,train,train.csv,0,12644,12644,12644,0,391,79,392,12644,12644,2460,776,12644,0,682,684,12644,0,12644,12644
34/10-21,22491,train,train.csv,31,22491,22491,22491,0,30,35,64,22491,22491,82,8486,26,0,42,30,22491,0,22491,22491
34/10-33,6046,train,train.csv,86,85,6046,6046,151,675,6046,6046,6046,6046,26,1155,6046,0,178,182,6046,4101,6046,6046
34/10-35,20619,train,train.csv,0,20619,20619,20619,0,19553,25,20619,20619,18444,283,17040,192,0,192,188,20619,29,20619,20619
34/11-1,4226,train,train.csv,0,12,4226,4226,0,0,0,4226,716,151,166,31,4226,0,0,4226,4226,4226,4226,4226
34/11-2 S,23310,train,train.csv,0,23310,59,23310,0,18174,0,0,23310,23310,0,11707,163,0,0,158,23310,0,23310,23310
34/12-1,9350,train,train.csv,0,0,0,0,0,138,0,9350,9350,451,1,178,126,0,159,113,9350,9350,9350,3168
34/2-4,23403,train,train.csv,0,23403,23403,23403,16,10421,16,23403,23403,23403,24,19798,10470,0,10372,10366,23403,0,23403,19799
34/3-1 A,2251,train,train.csv,0,0,0,0,0,2251,11,2251,2251,143,141,86,67,0,67,11,2251,2251,2251,2251
34/3-2 S,12216,hidden_test,hidden_test.csv,32,0,0,0,0,12216,34,12216,12216,1605,18,165,330,0,328,259,12216,12216,12216,12216
34/3-3 A,18190,leaderboard_test_features,leaderboard_test_features.csv,0,0,15,423,10,18190,55,18190,18190,6196,172,334,305,0,305,185,18190,18190,18190,18190
34/4-10 R,3880,train,train.csv,250,0,0,2,0,3880,7,3880,3880,59,45,180,270,0,248,250,3880,3880,3880,3880
34/5-1 A,14592,train,train.csv,0,0,0,18,0,14592,112,14592,14592,1297,1201,171,277,0,277,107,14592,14592,14592,14592
34/5-1 S,2273,train,train.csv,0,0,0,342,0,2273,34,2273,2273,307,237,92,120,0,122,113,123,2273,2273,2273
34/6-1 S,6479,leaderboard_test_features,leaderboard_test_features.csv,12,0,0,6479,4,6479,47,6479,6479,0,0,2,280,0,281,6479,6479,6479,6479,6479
34/7-13,3900,train,train.csv,0,7,3900,3900,0,2452,27,3900,3900,3900,0,0,3900,0,0,0,3900,0,3900,3900
34/7-20,13157,train,train.csv,8,13157,13157,13157,0,266,5,13157,13157,13157,2,4243,13157,0,101,104,13157,6,13157,13157
34/7-21,12424,train,train.csv,0,12424,12424,12424,0,4599,3,12424,12424,12424,0,4834,113,0,70,69,12424,7533,12424,12424
34/8-1,17877,train,train.csv,388,388,17877,17877,0,14032,106,14032,17877,17877,56,5491,93,0,77,82,17877,80,17877,15941
34/8-3,13341,train,train.csv,0,13341,13341,13341,0,0,0,8475,8475,13341,0,0,13341,0,11,0,13341,0,13341,8475
34/8-7 R,7084,train,train.csv,0,71,7084,7084,0,0,0,7084,7084,7084,0,0,7084,0,0,0,7084,0,7084,7084
35/11-1,15584,train,train.csv,1,15584,15584,15584,0,9361,30,9360,15584,15584,16,6742,12,0,10,12,15584,0,15584,15584
35/11-10,6206,train,train.csv,1,0,6206,6206,0,0,0,1,2,0,0,69,6206,0,37,37,6206,145,6206,6206
35/11-11,12844,train,train.csv,0,0,0,1340,0,12844,0,12844,19,157,88,0,19,0,12,12,12844,173,12844,12844
35/11-12,19112,train,train.csv,15376,0,19112,0,0,19112,75,19112,19112,15619,8867,15376,15723,0,15723,15723,19112,19112,19112,19112
35/11-13,2430,train,train.csv,0,0,0,350,0,2430,51,2430,235,132,0,26,229,0,229,0,2430,2430,2430,2430
35/11-15 S,2596,train,train.csv,0,0,0,2,0,2596,29,0,371,28,29,23,370,0,371,371,2596,2596,2596,47
35/11-5,21604,hidden_test,hidden_test.csv,3325,21604,21604,21604,11,14487,3325,21604,21604,14705,3652,14518,3413,0,3338,3339,21604,3325,21604,21604
35/11-6,23544,train,train.csv,3696,23544,23544,23544,528,15157,9,23544,23544,9977,3841,10388,78,0,72,71,23544,0,23544,23544
35/11-7,13005,train,train.csv,51,0,13005,13005,0,5707,0,13005,13005,13005,382,5696,175,0,110,109,13005,396,13005,13005
35/12-1,13125,train,train.csv,0,0,13125,13125,0,0,6,0,17,13125,127,5855,109,0,86,77,13125,85,13125,13125
35/3-7 S,5087,train,train.csv,0,0,0,361,0,5087,21,5087,21,0,0,0,8,0,8,8,5087,5087,5087,5087
35/4-1,20823,train,train.csv,98,0,20823,1651,0,20823,19,20823,20823,3950,17,366,1878,0,1832,449,20823,20823,20823,20823
35/6-2 S,13415,leaderboard_test_features,leaderboard_test_features.csv,0,0,0,0,2,13415,125,13415,13415,111,113,94,192,0,192,133,13415,13415,13415,13415
35/8-4,2709,train,train.csv,2709,0,0,2709,0,438,0,2709,439,2709,161,8,0,0,0,0,2709,2709,2709,2709
35/8-6 S,14378,train,train.csv,0,0,0,0,0,14378,478,14378,14378,12187,12166,295,262,0,262,174,14378,14378,14378,14378
35/9-10 S,4313,train,train.csv,2,0,4313,743,0,4313,0,4313,4313,8,0,14,14,0,10,0,4313,4313,4313,4313
35/9-2,12313,train,train.csv,0,0,12313,12313,31,10123,11,10121,10122,8865,8866,5627,12313,0,0,0,0,0,12313,5858
35/9-5,4942,train,train.csv,0,0,0,4,0,4942,22,4942,11,0,0,0,12,0,12,12,4942,4942,4942,4942
35/9-6 S,13094,train,train.csv,0,13094,37,13094,0,13094,56,13094,39,13094,104,28,7839,0,94,3175,13094,13094,13094,13094
35/9-7,10677,hidden_test,hidden_test.csv,2,0,0,524,0,10677,0,10677,7101,267,0,60,59,0,59,0,10677,10677,10677,10677
35/9-8,4274,leaderboard_test_features,leaderboard_test_features.csv,1,0,0,914,0,4274,1,4274,1,0,0,12,12,0,12,0,4274,4274,4274,4274
36/7-3,3628,train,train.csv,3564,3628,2,3628,3,3628,4,3628,3628,3628,121,161,154,0,154,154,3628,3628,3628,3628
7/1-1,16241,train,train.csv,0,0,16241,0,203,209,174,16241,16241,16241,4882,11854,16241,0,11858,11858,0,173,548,16241
7/1-2 S,2040,train,train.csv,0,0,0,0,8,28,28,2040,2040,427,427,386,438,0,438,438,2040,2040,2040,2040
