WELL,SPLIT,SOURCE_ID,SOURCE_SPLIT,SOURCE_DATASET,SOURCE_FILE,LABEL_SOURCE,LABELLED,ROWS,MIN_MD,MAX_MD,THICKNESS_M,CLASS_COUNT,CLASSES_PRESENT
15/9-13,train,FORCE2020,train.csv,FORCE2020,extracted/train.csv,,1,18270,494.528,3272.024,2777.496,8,30000:Sandstone:2937|65000:Shale:12547|65030:Sandstone/Shale:708|70000:Limestone:1418|74000:Dolomite:41|80000:Marl:429|86000:Anhydrite:17|99000:Tuff:173
15/9-14,leaderboard_test,FORCE2020,leaderboard_test_features.csv,FORCE2020,leaderboard_test_features.csv,leaderboard_test_target.csv,1,20281,480.62800085,3564.5560009,3083.928,8,30000:Sandstone:4400|65000:Shale:6123|65030:Sandstone/Shale:6468|70000:Limestone:1699|70032:Chalk:625|80000:Marl:649|90000:Coal:84|99000:Tuff:233
15/9-15,train,FORCE2020,train.csv,FORCE2020,extracted/train.csv,,1,17717,485.256,3200.128,2714.872,7,30000:Sandstone:2722|65000:Shale:10872|65030:Sandstone/Shale:1729|70000:Limestone:905|70032:Chalk:969|80000:Marl:385|99000:Tuff:135
15/9-17,train,FORCE2020,train.csv,FORCE2020,extracted/train.csv,,1,17350,472.42999841,3114.4939984,2642.064,7,30000:Sandstone:2312|65000:Shale:12693|65030:Sandstone/Shale:301|70000:Limestone:1481|74000:Dolomite:18|80000:Marl:225|99000:Tuff:320
15/9-23,hidden_test,FORCE2020,hidden_test.csv,FORCE2020,hidden_test.csv,,1,11063,1518.28,3212.624,1694.344,8,30000:Sandstone:563|65000:Shale:6731|65030:Sandstone/Shale:1060|70000:Limestone:1630|70032:Chalk:29|80000:Marl:912|90000:Coal:64|99000:Tuff:74
16/1-2,train,FORCE2020,train.csv,FORCE2020,extracted/train.csv,,1,1734,2645.5800015,2908.9960015,263.416,5,30000:Sandstone:688|65000:Shale:610|70000:Limestone:269|74000:Dolomite:43|80000:Marl:124
16/1-6 A,train,FORCE2020,train.csv,FORCE2020,extracted/train.csv,,1,3623,1175.979735,1726.523735,550.544,4,30000:Sandstone:276|65000:Shale:3208|65030:Sandstone/Shale:46|70000:Limestone:93
16/10-1,train,FORCE2020,train.csv,FORCE2020,extracted/train.csv,,1,17675,439.41578984,3125.8637898,2686.448,10,30000:Sandstone:955|65000:Shale:12245|65030:Sandstone/Shale:623|70000:Limestone:2334|70032:Chalk:984|74000:Dolomite:80|80000:Marl:294|88000:Halite:20|90000:Coal:49|99000:Tuff:91
16/10-2,train,FORCE2020,train.csv,FORCE2020,extracted/train.csv,,1,2437,2767.2652022,3137.5372022,370.272,6,30000:Sandstone:958|65000:Shale:380|65030:Sandstone/Shale:760|70000:Limestone:132|70032:Chalk:18|80000:Marl:189
16/10-3,train,FORCE2020,train.csv,FORCE2020,extracted/train.csv,,1,15956,415.2615993,2840.4215993,2425.16,8,30000:Sandstone:810|65000:Shale:11242|65030:Sandstone/Shale:1313|70000:Limestone:1460|70032:Chalk:658|80000:Marl:209|90000:Coal:9|99000:Tuff:255
16/10-5,train,FORCE2020,train.csv,FORCE2020,extracted/train.csv,,1,2765,2607.0043873,3027.1323873,420.128,6,30000:Sandstone:543|65000:Shale:1195|65030:Sandstone/Shale:184|70000:Limestone:667|70032:Chalk:2|80000:Marl:174
16/11-1 ST3,train,FORCE2020,train.csv,FORCE2020,extracted/train.csv,,1,14938,682.91320068,2953.3372007,2270.424,10,30000:Sandstone:474|65000:Shale:6351|65030:Sandstone/Shale:73|70000:Limestone:80|70032:Chalk:2498|74000:Dolomite:6|80000:Marl:673|86000:Anhydrite:282|88000:Halite:4294|99000:Tuff:207
16/2-11 A,train,FORCE2020,train.csv,FORCE2020,extracted/train.csv,,1,10708,734.41919946,2361.8831995,1627.464,6,30000:Sandstone:1808|65000:Shale:5237|65030:Sandstone/Shale:572|70000:Limestone:1796|80000:Marl:1148|99000:Tuff:147
16/2-16,train,FORCE2020,train.csv,FORCE2020,extracted/train.csv,,1,10025,684.27039612,2207.9183961,1523.648,7,30000:Sandstone:1311|65000:Shale:5810|65030:Sandstone/Shale:264|70000:Limestone:1277|80000:Marl:1118|86000:Anhydrite:75|99000:Tuff:170
16/2-6,train,FORCE2020,train.csv,FORCE2020,extracted/train.csv,,1,9138,735.18679883,2124.0107988,1388.824,7,30000:Sandstone:1429|65000:Shale:4794|65030:Sandstone/Shale:343|70000:Limestone:1261|74000:Dolomite:94|80000:Marl:1094|99000:Tuff:123
16/2-7,hidden_test,FORCE2020,hidden_test.csv,FORCE2020,hidden_test.csv,,1,11683,704.11600159,2480.5400016,1776.424,7,30000:Sandstone:2759|65000:Shale:4715|65030:Sandstone/Shale:415|70000:Limestone:2315|80000:Marl:1232|86000:Anhydrite:122|99000:Tuff:125
16/4-1,train,FORCE2020,train.csv,FORCE2020,extracted/train.csv,,1,14082,760.88960388,2901.2016039,2140.312,9,30000:Sandstone:3812|65000:Shale:8070|65030:Sandstone/Shale:665|70000:Limestone:578|74000:Dolomite:202|80000:Marl:63|86000:Anhydrite:483|93000:Basement:103|99000:Tuff:106
16/5-3,train,FORCE2020,train.csv,FORCE2020,extracted/train.csv,,1,3021,1508.99,1968.79,459.8,6,30000:Sandstone:274|65000:Shale:461|65030:Sandstone/Shale:116|70000:Limestone:1520|70032:Chalk:222|80000:Marl:428
16/7-4,train,FORCE2020,train.csv,FORCE2020,extracted/train.csv,,1,10010,1244.38,2765.748,1521.368,6,30000:Sandstone:113|65000:Shale:6533|65030:Sandstone/Shale:1247|70000:Limestone:1468|80000:Marl:464|99000:Tuff:185
16/7-5,train,FORCE2020,train.csv,FORCE2020,extracted/train.csv,,1,15590,446.47198517,2898.9919852,2452.52,6,30000:Sandstone:1791|65000:Shale:12132|65030:Sandstone/Shale:444|70000:Limestone:905|80000:Marl:138|99000:Tuff:180
16/7-6,hidden_test,FORCE2020,hidden_test.csv,FORCE2020,hidden_test.csv,,1,10222,1110.9343999,2698.4223999,1587.488,8,30000:Sandstone:195|65000:Shale:6798|65030:Sandstone/Shale:995|70000:Limestone:238|70032:Chalk:1526|74000:Dolomite:31|80000:Marl:381|99000:Tuff:58
16/8-1,train,FORCE2020,train.csv,FORCE2020,extracted/train.csv,,1,6685,1291.3911968,2307.3591968,1015.968,8,30000:Sandstone:716|65000:Shale:3074|65030:Sandstone/Shale:494|70000:Limestone:95|70032:Chalk:434|74000:Dolomite:17|80000:Marl:1161|99000:Tuff:694
17/11-1,train,FORCE2020,train.csv,FORCE2020,extracted/train.csv,,1,20099,162.59301599,3238.465016,3075.872,9,30000:Sandstone:1232|65000:Shale:9362|65030:Sandstone/Shale:1809|70000:Limestone:65|70032:Chalk:2575|74000:Dolomite:113|80000:Marl:821|86000:Anhydrite:223|88000:Halite:3899
17/4-1,hidden_test,FORCE2020,hidden_test.csv,FORCE2020,hidden_test.csv,,1,17271,1147.5507926,3834.1507926,2686.6,9,30000:Sandstone:1833|65000:Shale:5124|65030:Sandstone/Shale:952|70000:Limestone:744|70032:Chalk:1350|74000:Dolomite:154|80000:Marl:141|86000:Anhydrite:475|88000:Halite:6498
25/10-10,leaderboard_test,FORCE2020,leaderboard_test_features.csv,FORCE2020,leaderboard_test_features.csv,leaderboard_test_target.csv,1,9320,1090.3664,2506.8544,1416.488,8,30000:Sandstone:1746|65000:Shale:6713|65030:Sandstone/Shale:262|70000:Limestone:256|74000:Dolomite:21|80000:Marl:121|86000:Anhydrite:115|99000:Tuff:86
25/10-9,hidden_test,FORCE2020,hidden_test.csv,FORCE2020,hidden_test.csv,,1,10788,1333.0888,2972.7128,1639.624,7,30000:Sandstone:1237|65000:Shale:6226|65030:Sandstone/Shale:651|70000:Limestone:1950|80000:Marl:397|90000:Coal:5|99000:Tuff:322
25/11-15,train,FORCE2020,train.csv,FORCE2020,extracted/train.csv,,1,2284,1650.0877,1997.1037,347.016,5,30000:Sandstone:427|65000:Shale:750|65030:Sandstone/Shale:50|70000:Limestone:648|80000:Marl:409
25/11-19 S,train,FORCE2020,train.csv,FORCE2020,extracted/train.csv,,1,6975,984.41170504,2044.459705,1060.048,5,30000:Sandstone:802|65000:Shale:5569|65030:Sandstone/Shale:37|70000:Limestone:191|99000:Tuff:376
25/11-24,leaderboard_test,FORCE2020,leaderboard_test_features.csv,FORCE2020,leaderboard_test_features.csv,leaderboard_test_target.csv,1,4195,1457.0192,2094.5072,637.488,7,30000:Sandstone:914|65000:Shale:2703|65030:Sandstone/Shale:25|70000:Limestone:303|80000:Marl:87|90000:Coal:17|99000:Tuff:146
25/11-5,train,FORCE2020,train.csv,FORCE2020,extracted/train.csv,,1,5060,1388.1447189,2157.1127189,768.968,6,30000:Sandstone:826|65000:Shale:3780|65030:Sandstone/Shale:247|70000:Limestone:27|70032:Chalk:112|80000:Marl:68
25/2-13 T4,train,FORCE2020,train.csv,FORCE2020,extracted/train.csv,,1,21062,694.808,3896.08,3201.272,6,30000:Sandstone:4797|65000:Shale:12239|65030:Sandstone/Shale:1049|70000:Limestone:1516|80000:Marl:1405|90000:Coal:56
25/2-14,train,FORCE2020,train.csv,FORCE2020,extracted/train.csv,,1,15840,1198.9379006,3621.5139006,2422.576,7,30000:Sandstone:2554|65000:Shale:10171|65030:Sandstone/Shale:487|70000:Limestone:1629|80000:Marl:717|90000:Coal:147|99000:Tuff:135
25/2-7,train,FORCE2020,train.csv,FORCE2020,extracted/train.csv,,1,25131,200.33800061,4020.0980006,3819.76,8,30000:Sandstone:7290|65000:Shale:11566|65030:Sandstone/Shale:2168|70000:Limestone:1896|74000:Dolomite:100|80000:Marl:1502|90000:Coal:453|99000:Tuff:156
25/3-1,train,FORCE2020,train.csv,FORCE2020,extracted/train.csv,,1,21186,693.992,3914.112,3220.12,8,30000:Sandstone:5045|65000:Shale:12461|65030:Sandstone/Shale:884|70000:Limestone:1782|74000:Dolomite:28|80000:Marl:718|90000:Coal:157|99000:Tuff:111
25/4-5,train,FORCE2020,train.csv,FORCE2020,extracted/train.csv,,1,23005,853.30280505,4349.9108051,3496.608,7,30000:Sandstone:4648|65000:Shale:8934|65030:Sandstone/Shale:2976|70000:Limestone:2215|80000:Marl:4000|90000:Coal:38|99000:Tuff:194
25/5-1,train,FORCE2020,train.csv,FORCE2020,extracted/train.csv,,1,18473,590.36,3415.128,2824.768,8,30000:Sandstone:4704|65000:Shale:8830|65030:Sandstone/Shale:2142|70000:Limestone:1315|74000:Dolomite:107|80000:Marl:662|90000:Coal:285|99000:Tuff:428
25/5-3,leaderboard_test,FORCE2020,leaderboard_test_features.csv,FORCE2020,leaderboard_test_features.csv,leaderboard_test_target.csv,1,11324,1153.6751897,2874.7711897,1721.096,7,30000:Sandstone:1763|65000:Shale:8243|65030:Sandstone/Shale:624|70000:Limestone:399|80000:Marl:50|90000:Coal:79|99000:Tuff:166
25/5-4,train,FORCE2020,train.csv,FORCE2020,extracted/train.csv,,1,12997,1199.7283052,3175.1203052,1975.392,7,30000:Sandstone:1862|65000:Shale:9129|65030:Sandstone/Shale:300|70000:Limestone:1126|80000:Marl:444|90000:Coal:10|99000:Tuff:126
25/6-1,train,FORCE2020,train.csv,FORCE2020,extracted/train.csv,,1,6209,1907,2850.616,943.616,5,30000:Sandstone:532|65000:Shale:2934|65030:Sandstone/Shale:2235|70000:Limestone:116|80000:Marl:392
25/6-2,train,FORCE2020,train.csv,FORCE2020,extracted/train.csv,,1,2925,1924.616,2369.064,444.448,5,30000:Sandstone:216|65000:Shale:2082|65030:Sandstone/Shale:162|70000:Limestone:194|80000:Marl:271
25/6-3,train,FORCE2020,train.csv,FORCE2020,extracted/train.csv,,1,11985,626.32372888,2450.4757289,1824.152,6,30000:Sandstone:2340|65000:Shale:8405|65030:Sandstone/Shale:770|70000:Limestone:218|80000:Marl:34|99000:Tuff:218
25/7-2,train,FORCE2020,train.csv,FORCE2020,extracted/train.csv,,1,23879,1211.536,4840.992,3629.456,7,30000:Sandstone:3697|65000:Shale:12709|65030:Sandstone/Shale:1836|70000:Limestone:3851|80000:Marl:1191|90000:Coal:174|99000:Tuff:421
25/8-5 S,train,FORCE2020,train.csv,FORCE2020,extracted/train.csv,,1,14596,1165.7984,3387.4304,2221.632,8,30000:Sandstone:3306|65000:Shale:9368|65030:Sandstone/Shale:238|70000:Limestone:1223|74000:Dolomite:4|80000:Marl:96|90000:Coal:68|99000:Tuff:293
25/8-7,train,FORCE2020,train.csv,FORCE2020,extracted/train.csv,,1,8999,1003.3271147,2371.0231147,1367.696,8,30000:Sandstone:932|65000:Shale:6856|65030:Sandstone/Shale:408|70000:Limestone:610|74000:Dolomite:26|80000:Marl:22|90000:Coal:7|99000:Tuff:138
25/9-1,train,FORCE2020,train.csv,FORCE2020,extracted/train.csv,,1,15743,136.086,2528.87,2392.784,8,30000:Sandstone:3207|65000:Shale:7321|65030:Sandstone/Shale:4015|70000:Limestone:672|74000:Dolomite:15|80000:Marl:163|90000:Coal:24|99000:Tuff:326
26/4-1,train,FORCE2020,train.csv,FORCE2020,extracted/train.csv,,1,19577,698.97619946,3674.5281995,2975.552,8,30000:Sandstone:3444|65000:Shale:14108|65030:Sandstone/Shale:238|70000:Limestone:1061|74000:Dolomite:33|80000:Marl:3|90000:Coal:430|99000:Tuff:260
29/3-1,leaderboard_test,FORCE2020,leaderboard_test_features.csv,FORCE2020,leaderboard_test_features.csv,leaderboard_test_target.csv,1,24213,695.31400061,4388.7620006,3693.448,7,30000:Sandstone:4760|65000:Shale:15695|65030:Sandstone/Shale:2210|70000:Limestone:830|74000:Dolomite:185|90000:Coal:270|99000:Tuff:263
29/6-1,train,FORCE2020,train.csv,FORCE2020,extracted/train.csv,,1,24464,1099.5850007,4819.0250007,3719.44,6,30000:Sandstone:3501|65000:Shale:18746|65030:Sandstone/Shale:1170|70000:Limestone:892|74000:Dolomite:17|90000:Coal:138
30/3-3,train,FORCE2020,train.csv,FORCE2020,extracted/train.csv,,1,21163,201.062,3427.414,3226.352,7,30000:Sandstone:3088|65000:Shale:13835|65030:Sandstone/Shale:2786|70000:Limestone:452|74000:Dolomite:46|90000:Coal:62|99000:Tuff:894
30/3-5 S,train,FORCE2020,train.csv,FORCE2020,extracted/train.csv,,1,4382,3892.0815862,4561.0335862,668.952,5,30000:Sandstone:1025|65000:Shale:2792|65030:Sandstone/Shale:419|70000:Limestone:97|90000:Coal:49
30/6-5,train,FORCE2020,train.csv,FORCE2020,extracted/train.csv,,1,21636,256.9224,3547.8744,3290.952,8,30000:Sandstone:2989|65000:Shale:14781|65030:Sandstone/Shale:2584|70000:Limestone:436|74000:Dolomite:19|80000:Marl:360|90000:Coal:24|99000:Tuff:443
31/2-1,train,FORCE2020,train.csv,FORCE2020,extracted/train.csv,,1,8274,1164.8522,2422.3482,1257.496,7,30000:Sandstone:2631|65000:Shale:2515|65030:Sandstone/Shale:2128|70000:Limestone:234|80000:Marl:188|90000:Coal:43|99000:Tuff:535
31/2-10,hidden_test,FORCE2020,hidden_test.csv,FORCE2020,hidden_test.csv,,1,9033,456.224,1829.088,1372.864,6,30000:Sandstone:966|65000:Shale:7049|65030:Sandstone/Shale:292|70000:Limestone:287|80000:Marl:123|99000:Tuff:316
31/2-19 S,train,FORCE2020,train.csv,FORCE2020,extracted/train.csv,,1,16455,1537.2784,4076.2864,2539.008,6,30000:Sandstone:2183|65000:Shale:11595|65030:Sandstone/Shale:1655|70000:Limestone:273|80000:Marl:663|90000:Coal:86
31/2-21 S,hidden_test,FORCE2020,hidden_test.csv,FORCE2020,hidden_test.csv,,1,7840,1999.9284,3191.6084,1191.68,6,30000:Sandstone:1450|65000:Shale:5073|65030:Sandstone/Shale:815|70000:Limestone:370|80000:Marl:55|90000:Coal:77
31/2-7,train,FORCE2020,train.csv,FORCE2020,extracted/train.csv,,1,8004,439.64093164,1656.0969316,1216.456,6,30000:Sandstone:677|65000:Shale:6746|65030:Sandstone/Shale:64|70000:Limestone:199|80000:Marl:25|99000:Tuff:293
31/2-8,train,FORCE2020,train.csv,FORCE2020,extracted/train.csv,,1,19025,480.60497949,3379.8529795,2899.248,8,30000:Sandstone:3077|65000:Shale:10275|65030:Sandstone/Shale:4369|70000:Limestone:562|74000:Dolomite:91|80000:Marl:415|90000:Coal:90|99000:Tuff:146
31/2-9,train,FORCE2020,train.csv,FORCE2020,extracted/train.csv,,1,8699,443.69708423,1765.7930842,1322.096,5,30000:Sandstone:857|65000:Shale:6182|65030:Sandstone/Shale:1201|70000:Limestone:199|99000:Tuff:260
31/3-1,train,FORCE2020,train.csv,FORCE2020,extracted/train.csv,,1,13236,349.733,2362.365,2012.632,7,30000:Sandstone:3440|65000:Shale:6418|65030:Sandstone/Shale:1859|70000:Limestone:468|80000:Marl:354|90000:Coal:67|99000:Tuff:630
31/3-2,train,FORCE2020,train.csv,FORCE2020,extracted/train.csv,,1,10750,433.54490112,2082.8969011,1649.352,6,30000:Sandstone:2430|65000:Shale:7316|65030:Sandstone/Shale:154|70000:Limestone:342|80000:Marl:487|90000:Coal:21
31/3-3,train,FORCE2020,train.csv,FORCE2020,extracted/train.csv,,1,11624,793.762,2562.434,1768.672,7,30000:Sandstone:2421|65000:Shale:4783|65030:Sandstone/Shale:2048|70000:Limestone:876|80000:Marl:931|90000:Coal:39|99000:Tuff:526
31/3-4,train,FORCE2020,train.csv,FORCE2020,extracted/train.csv,,1,5377,1288.001638,2115.185638,827.184,6,30000:Sandstone:1162|65000:Shale:2385|65030:Sandstone/Shale:789|70000:Limestone:684|80000:Marl:286|90000:Coal:71
31/4-10,train,FORCE2020,train.csv,FORCE2020,extracted/train.csv,,1,8679,997.99639258,2317.0523926,1319.056,6,30000:Sandstone:380|65000:Shale:6285|65030:Sandstone/Shale:1280|70000:Limestone:217|80000:Marl:191|99000:Tuff:326
31/4-5,train,FORCE2020,train.csv,FORCE2020,extracted/train.csv,,1,13352,895.10079639,2925.6687964,2030.568,8,30000:Sandstone:2180|65000:Shale:9005|65030:Sandstone/Shale:1206|70000:Limestone:394|74000:Dolomite:91|80000:Marl:58|90000:Coal:33|99000:Tuff:385
31/5-4 S,train,FORCE2020,train.csv,FORCE2020,extracted/train.csv,,1,11314,164.942,1884.518,1719.576,6,30000:Sandstone:698|65000:Shale:9453|65030:Sandstone/Shale:321|70000:Limestone:250|80000:Marl:64|99000:Tuff:528
31/6-5,train,FORCE2020,train.csv,FORCE2020,extracted/train.csv,,1,11098,387.631,2074.375,1686.744,7,30000:Sandstone:2396|65000:Shale:6088|65030:Sandstone/Shale:926|70000:Limestone:284|80000:Marl:557|90000:Coal:8|99000:Tuff:839
31/6-8,train,FORCE2020,train.csv,FORCE2020,extracted/train.csv,,1,9531,688.08443408,2137.7084341,1449.624,7,30000:Sandstone:1830|65000:Shale:4816|65030:Sandstone/Shale:1400|70000:Limestone:333|80000:Marl:511|90000:Coal:9|99000:Tuff:632
32/2-1,train,FORCE2020,train.csv,FORCE2020,extracted/train.csv,,1,3049,830.2036,1294.1076,463.904,4,30000:Sandstone:1036|65000:Shale:1659|65030:Sandstone/Shale:339|70000:Limestone:15
33/5-2,train,FORCE2020,train.csv,FORCE2020,extracted/train.csv,,1,4091,3900.5600691,4522.2400691,621.68,5,30000:Sandstone:404|65000:Shale:2699|65030:Sandstone/Shale:825|70000:Limestone:60|80000:Marl:103
33/6-3 S,train,FORCE2020,train.csv,FORCE2020,extracted/train.csv,,1,12681,2484.1692,4422.0172,1937.848,4,30000:Sandstone:355|65000:Shale:11575|65030:Sandstone/Shale:423|70000:Limestone:328
33/9-1,train,FORCE2020,train.csv,FORCE2020,extracted/train.csv,,1,17278,488.77,3118.218,2629.448,8,30000:Sandstone:3240|65000:Shale:8746|65030:Sandstone/Shale:4510|70000:Limestone:386|74000:Dolomite:27|80000:Marl:97|90000:Coal:72|99000:Tuff:200
33/9-17,train,FORCE2020,train.csv,FORCE2020,extracted/train.csv,,1,17718,515.59398535,3208.5779854,2692.984,8,30000:Sandstone:1718|65000:Shale:15484|65030:Sandstone/Shale:165|70000:Limestone:187|74000:Dolomite:11|80000:Marl:89|90000:Coal:11|99000:Tuff:53
34/10-16 R,leaderboard_test,FORCE2020,leaderboard_test_features.csv,FORCE2020,leaderboard_test_features.csv,leaderboard_test_target.csv,1,25095,227.29600806,4042.0400081,3814.744,8,30000:Sandstone:5031|65000:Shale:16244|65030:Sandstone/Shale:2738|70000:Limestone:311|74000:Dolomite:33|80000:Marl:185|90000:Coal:202|99000:Tuff:351
34/10-19,train,FORCE2020,train.csv,FORCE2020,extracted/train.csv,,1,12644,291.104,2212.84,1921.736,8,30000:Sandstone:2761|65000:Shale:8189|65030:Sandstone/Shale:905|70000:Limestone:338|74000:Dolomite:73|80000:Marl:36|90000:Coal:12|99000:Tuff:330
34/10-21,train,FORCE2020,train.csv,FORCE2020,extracted/train.csv,,1,22491,587.05840344,4005.5384034,3418.48,8,30000:Sandstone:3590|65000:Shale:16624|65030:Sandstone/Shale:1315|70000:Limestone:301|74000:Dolomite:34|80000:Marl:25|90000:Coal:146|99000:Tuff:456
34/10-33,train,FORCE2020,train.csv,FORCE2020,extracted/train.csv,,1,6046,2958.272,3877.112,918.84,6,30000:Sandstone:879|65000:Shale:3773|65030:Sandstone/Shale:1246|70000:Limestone:64|80000:Marl:37|90000:Coal:47
34/10-35,train,FORCE2020,train.csv,FORCE2020,extracted/train.csv,,1,20619,1051.623,4308.375,3256.752,9,30000:Sandstone:2915|65000:Shale:3850|65030:Sandstone/Shale:12985|70000:Limestone:521|74000:Dolomite:15|80000:Marl:40|86000:Anhydrite:5|90000:Coal:7|99000:Tuff:281
34/11-1,train,FORCE2020,train.csv,FORCE2020,extracted/train.csv,,1,4226,3922.115,4564.315,642.2,5,30000:Sandstone:653|65000:Shale:2710|65030:Sandstone/Shale:759|80000:Marl:12|90000:Coal:92
34/11-2 S,train,FORCE2020,train.csv,FORCE2020,extracted/train.csv,,1,23310,1160.304,4738.992,3578.688,8,30000:Sandstone:941|65000:Shale:17774|65030:Sandstone/Shale:2918|70000:Limestone:457|74000:Dolomite:20|80000:Marl:821|90000:Coal:113|99000:Tuff:266
34/12-1,train,FORCE2020,train.csv,FORCE2020,extracted/train.csv,,1,9350,3166.9495842,4692.7255842,1525.776,5,30000:Sandstone:1669|65000:Shale:3684|65030:Sandstone/Shale:3358|70000:Limestone:589|90000:Coal:50
34/2-4,train,FORCE2020,train.csv,FORCE2020,extracted/train.csv,,1,23403,523.72943604,4103.785436,3580.056,7,30000:Sandstone:2347|65000:Shale:3838|65030:Sandstone/Shale:15798|70000:Limestone:262|74000:Dolomite:4|80000:Marl:956|99000:Tuff:198
34/3-1 A,train,FORCE2020,train.csv,FORCE2020,extracted/train.csv,,1,2251,3771.4007146,4146.5367146,375.136,6,30000:Sandstone:298|65000:Shale:1239|65030:Sandstone/Shale:637|70000:Limestone:32|80000:Marl:34|90000:Coal:11
34/3-2 S,hidden_test,FORCE2020,hidden_test.csv,FORCE2020,hidden_test.csv,,1,12216,2380.5748,4319.7908,1939.216,6,30000:Sandstone:764|65000:Shale:9463|65030:Sandstone/Shale:1325|70000:Limestone:198|74000:Dolomite:12|80000:Marl:454
34/3-3 A,leaderboard_test,FORCE2020,leaderboard_test_features.csv,FORCE2020,leaderboard_test_features.csv,leaderboard_test_target.csv,1,18190,2233.8739755,5007.4179755,2773.544,8,30000:Sandstone:472|65000:Shale:16356|65030:Sandstone/Shale:890|70000:Limestone:213|74000:Dolomite:118|80000:Marl:123|86000:Anhydrite:10|90000:Coal:8
34/4-10 R,train,FORCE2020,train.csv,FORCE2020,extracted/train.csv,,1,3880,3632.002467,4240.458467,608.456,6,30000:Sandstone:169|65000:Shale:2656|65030:Sandstone/Shale:806|70000:Limestone:59|74000:Dolomite:38|80000:Marl:152
34/5-1 A,train,FORCE2020,train.csv,FORCE2020,extracted/train.csv,,1,14592,2119.7059924,4393.4739924,2273.768,5,30000:Sandstone:62|65000:Shale:12990|65030:Sandstone/Shale:1194|70000:Limestone:295|80000:Marl:51
34/5-1 S,train,FORCE2020,train.csv,FORCE2020,extracted/train.csv,,1,2273,3544.25,3898.714,354.464,5,30000:Sandstone:212|65000:Shale:1404|65030:Sandstone/Shale:602|70000:Limestone:48|90000:Coal:7
34/6-1 S,leaderboard_test,FORCE2020,leaderboard_test_features.csv,FORCE2020,leaderboard_test_features.csv,leaderboard_test_target.csv,1,6479,3352.5624,4353.3304,1000.768,5,30000:Sandstone:1112|65000:Shale:3230|65030:Sandstone/Shale:1937|70000:Limestone:146|80000:Marl:54
34/7-13,train,FORCE2020,train.csv,FORCE2020,extracted/train.csv,,1,3900,2383.329,2975.977,592.648,4,30000:Sandstone:606|65000:Shale:2392|65030:Sandstone/Shale:871|80000:Marl:31
34/7-20,train,FORCE2020,train.csv,FORCE2020,extracted/train.csv,,1,13157,1156.342,3166.542,2010.2,8,30000:Sandstone:288|65000:Shale:10792|65030:Sandstone/Shale:1331|70000:Limestone:342|74000:Dolomite:69|80000:Marl:35|90000:Coal:17|99000:Tuff:283
34/7-21,train,FORCE2020,train.csv,FORCE2020,extracted/train.csv,,1,12424,1061.366,2971.246,1909.88,8,30000:Sandstone:268|65000:Shale:9224|65030:Sandstone/Shale:2209|70000:Limestone:350|74000:Dolomite:9|80000:Marl:66|90000:Coal:70|99000:Tuff:228
34/8-1,train,FORCE2020,train.csv,FORCE2020,extracted/train.csv,,1,17877,891.13702319,3608.2890232,2717.152,6,30000:Sandstone:2387|65000:Shale:13565|65030:Sandstone/Shale:1601|70000:Limestone:252|74000:Dolomite:52|99000:Tuff:20
34/8-3,train,FORCE2020,train.csv,FORCE2020,extracted/train.csv,,1,13341,1276.1044343,3315.1844343,2039.08,8,30000:Sandstone:543|65000:Shale:9011|65030:Sandstone/Shale:2812|70000:Limestone:313|74000:Dolomite:72|80000:Marl:343|90000:Coal:30|99000:Tuff:217
34/8-7 R,train,FORCE2020,train.csv,FORCE2020,extracted/train.csv,,1,7084,4360.016,5436.632,1076.616,5,30000:Sandstone:879|65000:Shale:3528|65030:Sandstone/Shale:2589|70000:Limestone:27|80000:Marl:61
35/11-1,train,FORCE2020,train.csv,FORCE2020,extracted/train.csv,,1,15584,989.0571228,3357.6731228,2368.616,6,30000:Sandstone:3393|65000:Shale:8802|65030:Sandstone/Shale:3033|70000:Limestone:231|90000:Coal:71|99000:Tuff:54
35/11-10,train,FORCE2020,train.csv,FORCE2020,extracted/train.csv,,1,6206,1942.3118779,2885.4718779,943.16,6,30000:Sandstone:1402|65000:Shale:3722|65030:Sandstone/Shale:567|70000:Limestone:83|80000:Marl:336|90000:Coal:96
35/11-11,train,FORCE2020,train.csv,FORCE2020,extracted/train.csv,,1,12844,1245.1716,3214.7876,1969.616,7,30000:Sandstone:1730|65000:Shale:7508|65030:Sandstone/Shale:2513|70000:Limestone:496|74000:Dolomite:6|80000:Marl:467|90000:Coal:124
35/11-12,train,FORCE2020,train.csv,FORCE2020,extracted/train.csv,,1,19112,388.546,3339.93,2951.384,6,30000:Sandstone:1060|65000:Shale:14952|65030:Sandstone/Shale:2769|70000:Limestone:224|74000:Dolomite:16|99000:Tuff:91
35/11-13,train,FORCE2020,train.csv,FORCE2020,extracted/train.csv,,1,2430,2901.678,3270.886,369.208,4,30000:Sandstone:677|65000:Shale:1223|65030:Sandstone/Shale:482|70000:Limestone:48
35/11-15 S,train,FORCE2020,train.csv,FORCE2020,extracted/train.csv,,1,2596,2818.0884,3212.5284,394.44,5,30000:Sandstone:1200|65000:Shale:152|65030:Sandstone/Shale:1225|70000:Limestone:6|90000:Coal:13
35/11-5,hidden_test,FORCE2020,hidden_test.csv,FORCE2020,hidden_test.csv,,1,21604,443.37999683,3755.7639968,3312.384,8,30000:Sandstone:3479|65000:Shale:13426|65030:Sandstone/Shale:4102|70000:Limestone:270|74000:Dolomite:18|80000:Marl:198|90000:Coal:65|99000:Tuff:46
35/11-6,train,FORCE2020,train.csv,FORCE2020,extracted/train.csv,,1,23544,391.2076,3969.7436,3578.536,7,30000:Sandstone:2814|65000:Shale:15402|65030:Sandstone/Shale:4942|70000:Limestone:282|74000:Dolomite:32|90000:Coal:30|99000:Tuff:42
35/11-7,train,FORCE2020,train.csv,FORCE2020,extracted/train.csv,,1,13005,890.846,2873.686,1982.84,5,30000:Sandstone:3496|65000:Shale:8000|65030:Sandstone/Shale:881|70000:Limestone:563|90000:Coal:65
35/12-1,train,FORCE2020,train.csv,FORCE2020,extracted/train.csv,,1,13125,998.57481494,3002.2388149,2003.664,5,30000:Sandstone:703|65000:Shale:7771|65030:Sandstone/Shale:3182|70000:Limestone:335|80000:Marl:1134
35/3-7 S,train,FORCE2020,train.csv,FORCE2020,extracted/train.csv,,1,5087,3245.6358514,4018.7078514,773.072,3,30000:Sandstone:1382|65000:Shale:3309|65030:Sandstone/Shale:396
35/4-1,train,FORCE2020,train.csv,FORCE2020,extracted/train.csv,,1,20823,1335.364,4932.596,3597.232,6,30000:Sandstone:2182|65000:Shale:15174|65030:Sandstone/Shale:2740|70000:Limestone:658|74000:Dolomite:19|99000:Tuff:50
35/6-2 S,leaderboard_test,FORCE2020,leaderboard_test_features.csv,FORCE2020,leaderboard_test_features.csv,leaderboard_test_target.csv,1,13415,1652.640467,3695.520467,2042.88,6,30000:Sandstone:3231|65000:Shale:7760|65030:Sandstone/Shale:596|70000:Limestone:192|74000:Dolomite:59|80000:Marl:1577
35/8-4,train,FORCE2020,train.csv,FORCE2020,extracted/train.csv,,1,2709,3279.2564053,3690.8724053,411.616,4,30000:Sandstone:199|65000:Shale:2119|65030:Sandstone/Shale:263|70000:Limestone:128
35/8-6 S,train,FORCE2020,train.csv,FORCE2020,extracted/train.csv,,1,14378,1821.4308,4006.7348,2185.304,4,30000:Sandstone:331|65000:Shale:12585|65030:Sandstone/Shale:845|70000:Limestone:617
35/9-10 S,train,FORCE2020,train.csv,FORCE2020,extracted/train.csv,,1,4313,2950.0216,3605.4456,655.424,4,30000:Sandstone:666|65000:Shale:536|65030:Sandstone/Shale:2684|70000:Limestone:427
35/9-2,train,FORCE2020,train.csv,FORCE2020,extracted/train.csv,,1,12313,1005.6883577,2877.1123577,1871.424,6,30000:Sandstone:1366|65000:Shale:8225|65030:Sandstone/Shale:1280|70000:Limestone:9|80000:Marl:1386|90000:Coal:47
35/9-5,train,FORCE2020,train.csv,FORCE2020,extracted/train.csv,,1,4942,2726.1675872,3477.1995872,751.032,6,30000:Sandstone:200|65000:Shale:3585|65030:Sandstone/Shale:447|70000:Limestone:188|80000:Marl:510|90000:Coal:12
35/9-6 S,train,FORCE2020,train.csv,FORCE2020,extracted/train.csv,,1,13094,1725.152,3745.536,2020.384,5,30000:Sandstone:1038|65000:Shale:8834|65030:Sandstone/Shale:2461|70000:Limestone:731|90000:Coal:30
35/9-7,hidden_test,FORCE2020,hidden_test.csv,FORCE2020,hidden_test.csv,,1,10677,1351.1548,2973.9068,1622.752,7,30000:Sandstone:799|65000:Shale:7222|65030:Sandstone/Shale:1676|70000:Limestone:372|74000:Dolomite:72|80000:Marl:503|90000:Coal:33
35/9-8,leaderboard_test,FORCE2020,leaderboard_test_features.csv,FORCE2020,leaderboard_test_features.csv,leaderboard_test_target.csv,1,4274,2536.2856,3224.9976,688.712,6,30000:Sandstone:619|65000:Shale:908|65030:Sandstone/Shale:1808|70000:Limestone:449|80000:Marl:460|90000:Coal:30
36/7-3,train,FORCE2020,train.csv,FORCE2020,extracted/train.csv,,1,3628,2391.104,2948.184,557.08,4,30000:Sandstone:962|65000:Shale:2107|65030:Sandstone/Shale:513|70000:Limestone:46
7/1-1,train,FORCE2020,train.csv,FORCE2020,extracted/train.csv,,1,16241,334.31279956,2802.7927996,2468.48,7,30000:Sandstone:1786|65000:Shale:10895|65030:Sandstone/Shale:529|70000:Limestone:736|70032:Chalk:2041|80000:Marl:183|99000:Tuff:71
7/1-2 S,train,FORCE2020,train.csv,FORCE2020,extracted/train.csv,,1,2040,2859.9924,3169.9204,309.928,3,30000:Sandstone:1375|65000:Shale:452|65030:Sandstone/Shale:213
