basin,vocabulary_id,source_formation,canonical_formation,alias,formation_group,lithology,confidence,source,notes
Milford (Church Rocks) Utah,FORGE_UTAH_16B,GRANODIORITE,granodiorite,granodiorite,CRYSTALLINE_BASEMENT_LITHOLOGY,granodiorite,high,Utah FORGE 16B(78)-32 DDR lithology blocks,"Verbatim source wording: 'GRANODIORITE: FELSC, ABNDT QTZ, FRSTD, TRANSL IP'. Feldspar/quartz/feldspathoid phenocryst description."
Milford (Church Rocks) Utah,FORGE_UTAH_16B,GRANODIORITE,granodiorite,granodiorite,CRYSTALLINE_BASEMENT_LITHOLOGY,granodiorite,high,Utah FORGE 16B(78)-32 DDR lithology blocks,"Appears repeatedly across many DDRs with varying mineral percentages. Geothermal basement well, not a sedimentary section."
Milford (Church Rocks) Utah,FORGE_UTAH_16B,granite wash,granite_wash,granite wash,DRILLING_JARGON,granodiorite cuttings,high,20230501-DailyReport15DetailRpt_230501064742.pdf,"'Formation changed to granite wash around 4330 ft'. DRILLING JARGON for cuttings character / reamed interval - NOT a formal lithostratigraphic unit. Deliberately not merged into granodiorite."
Milford (Church Rocks) Utah,FORGE_UTAH_16B,rholite,rhyolite,rhyolite,CRYSTALLINE_BASEMENT_LITHOLOGY,rhyolite,medium,Utah FORGE 16B(78)-32 DDR lithology blocks,"Observed only as a transition target in '...TO RHOLITE' inside a granodiorite description. Lower confidence: no standalone rhyolite interval is reported."
Milford (Church Rocks) Utah,FORGE_UTAH_16B,clay,clay,clay,SEDIMENTARY_BASEMENT,clay,low,Utah FORGE 16B(78)-32 DDR lithology blocks,"Source hedges it: 'Formation changing from (clay ?) to granodiorite'. The '?' is in the source. Meaning uncertain - requires domain validation. Kept at low confidence deliberately."
Milford (Church Rocks) Utah,FORGE_UTAH_16B,,unknown_undifferentiated,unknown,UNREPORTED,,n/a,fallback bucket,"Used when the source reports a depth but no formation. An explicit unknown is preferred over a fabrication."
Norwegian North Sea,VOLVE_NORWAY,,,,,,,reserved,not yet populated,"Volve DDRs not ingested in this session. Do not pre-populate."
Norwegian North Sea,FORCE2020_NO,,,,,,,reserved,not yet populated,"FORCE 2020 not ingested. Do not pre-populate. NOTE: same basin as VOLVE_NORWAY but a DIFFERENT vocabulary - do not merge without a sourced decision."
Assam Shelf / Assam-Arakan,OIL_ASSAM,,,,,,,reserved,OIL/DGH only,"Reserved for OIL's own nomenclature (Tipam, Barail, Girujan, ...). NO public source in this repository reports these. Never populate from a public or non-Indian source."
