task_id,task,repo_or_dataset,url,access_method,relevance_to_nwis,local_path_or_status
KICK_DATADRILL,kick detection / formation pressure,DataDRILL,https://www.kaggle.com (search: DataDRILL kick detection formation pressure),Kaggle API,benchmark for C2/C4 kick+overpressure risk fusion,"NOT INGESTED - Kaggle, blocked in this sandbox"
KICK_3W_PETROBRAS,kick/anomaly labeled real production+drilling events,Petrobras 3W dataset,https://github.com/petrobras/3W,git clone,largest labeled real-world undesirable-event dataset; strong baseline for event ontology validation,"data/raw/ml_tasks/petrobras_3W (trimmed: 1 of 11 event classes + demos kept, see TRIMMED_MANIFEST.txt)"
KICK_3W_MIRROR1,3W mirror,3W dataset mirror,https://github.com/rafaelpadilla/3W,git clone,mirror/fork of petrobras/3W,"REMOVED - was byte-identical duplicate of petrobras_3W, not kept in this package"
KICK_3W_MIRROR2,3W mirror,3W dataset mirror,https://github.com/DareAdekunle/wellmatch-3w,git clone,mirror/fork of petrobras/3W,data/raw/ml_tasks/3W_mirror_wellmatch
STUCKPIPE_1,stuck pipe prediction,Drilling Stuck Pipe Prediction,https://github.com/HaythamElmousalami/Drilling-Stuck-Pipe-Prediction.git,git clone,baseline model + possibly labeled data for stuck-pipe hazard,data/raw/ml_tasks/stuckpipe_elmousalami
STUCKPIPE_2,stuck pipe prediction (time series),Time-Series Stuck Pipe Prediction,https://github.com (per user list - repo name not resolved),git clone,alternate stuck-pipe baseline,"NOT FOUND - repo name unresolved from user's list, nothing to clone"
LOSTCIRC_1,lost circulation / mud loss,Drilling Lost Circulation,https://github.com (per user list),git clone,mud-loss hazard baseline,"NOT FOUND - repo name/URL unresolved from user's list, nothing to clone"
TORQUE_DRAG,torque and drag physics model,pro-well-plan/torque_drag,https://github.com/pro-well-plan/torque_drag.git,git clone,physics baseline for torque-spike / T&D residual model (Section 4.6 state->residual pipeline),data/raw/ml_tasks/torque_drag_powellplan
ROP_APMONITOR,drilling case studies incl. ROP,APMonitor/drilling,https://github.com/APMonitor/drilling.git,git clone,general drilling case studies / ROP-adjacent,data/raw/ml_tasks/rop_apmonitor
FORCE2020_LITHO_ALT,lithology prediction from FORCE 2020,yudhaadi77/force2020-lithology-prediction,https://github.com/yudhaadi77/force2020-lithology-prediction.git,git clone,alternate FORCE 2020 modeling reference,data/raw/ml_tasks/force2020_litho_alt
VOLVE_DRILLING_R,Volve drilling analysis in R,f0nzie/volve-drilling,https://github.com/f0nzie/volve-drilling,git clone,alternate Volve ingestion/analysis reference,"data/raw/ml_tasks/volve_drilling_r (trimmed: WITSML for well F-9 only, F-7/F-4 dropped)"
MLGEO,ML geoscience notebooks,yohanesnuwara/MLGeo,https://github.com/yohanesnuwara/MLGeo,git clone,general ML-in-geoscience reference notebooks,data/raw/ml_tasks/mlgeo
NNFS_PROJECT,unclear scope - verify before use,Ashu220805/NNFS_Project,https://github.com/Ashu220805/NNFS_Project,git clone,UNVERIFIED - inspect before relying on this,data/raw/ml_tasks/nnfs_project_unverified (still UNVERIFIED - inspect before use)
XAI_DRILLING,explainable ML on drilling data,XAI Drilling Dataset,https://www.kaggle.com (search: XAI drilling dataset),Kaggle API,for Section 1.6 explainability/SHAP work,"NOT INGESTED - Kaggle, blocked in this sandbox; also flagged wrong-domain (CNC/metal drilling, not O&G) per prior audit"
DRILLING_LOG_KAGGLE,generic drilling log dataset,ahmedelbashir99/drilling-log-dataset,https://www.kaggle.com/datasets/ahmedelbashir99/drilling-log-dataset,Kaggle API,generic supplementary drilling log data,"NOT INGESTED - Kaggle, blocked in this sandbox"
3W_KAGGLE_MIRROR,3W dataset mirror on Kaggle,afrniomelo/3w-dataset,https://www.kaggle.com/datasets/afrniomelo/3w-dataset,Kaggle API,Kaggle-hosted mirror of Petrobras 3W,"NOT INGESTED - Kaggle, blocked in this sandbox (petrobras_3W above already covers this data)"
PRODUCTION_DATA,oil and gas production data (not drilling),banlevan/oil-and-gas-production-data,https://www.kaggle.com/datasets/banlevan/oil-and-gas-production-data,Kaggle API,"production not drilling - low priority, verify relevance","NOT INGESTED - Kaggle, blocked in this sandbox; also low priority (production, not drilling)"
