source,url,file_name,file_type,size_bytes,download_date,checksum,checksum_algorithm,resolved_commit_sha,license,access_status,local_path,notes
FORGE16B_DDR,https://gdr.openei.org/files/1516/16B%20Daily%20Reports.zip,16B Daily Reports.zip,zip,20857806,2026-09-26T16:04:00Z,2c2475d95be35a1f3103694e2673c0e0eeab034c9af1b4e99667724cd0cffdf3,sha256,,CC-BY-4.0,VERIFIED,data/raw/utah_forge/16B Daily Reports.zip,checksum matches the pre-existing v0.1 log entry
FORGE16B_MUDLOG,https://gdr.openei.org/files/1516/16B%20Mud%20Logs.zip,16B Mud Logs.zip,zip,180966430,2026-09-26T16:04:00Z,5979fd761d48a8e07f19089a545b514e85ef3d5ccbed38d4ed4bb561a070ddc7,sha256,,CC-BY-4.0,VERIFIED,data/raw/utah_forge/16B Mud Logs.zip,87 scanned mud-log PDFs (OCR required) + 78 LAS
FORGE16B_TEMPLAS,https://gdr.openei.org/files/1516/16B%20mud%20temp%20logs.zip,16B mud temp logs.zip,zip,3174163,2026-09-26T16:04:00Z,ecefb1fb69ecda06d9cf783120f5bb74a688597a42b4230745e6cd6e017de33b,sha256,,CC-BY-4.0,VERIFIED,data/raw/utah_forge/16B mud temp logs.zip,54 LAS files
FORGE16B_SURVEY,https://gdr.openei.org/files/1516/16B%2878%29-32%20Well%20Survey.zip,16B(78)-32 Well Survey.zip,zip,608878,2026-09-26T16:04:00Z,38c59c9452da709fa971448699eb46fb13f452d2aa8c08cbe88fe73f08ce5302,sha256,,CC-BY-4.0,VERIFIED,data/raw/utah_forge/16B(78)-32 Well Survey.zip,TXT + XLSX + 3 PDF
FORGE16B_PASON,https://gdr.openei.org/files/1516/16B_Pason.zip,16B_Pason.zip,zip,135676899,2026-09-26T16:04:00Z,858a6eaf56c2cb3cbf45b59f431e59f82fc0ef2502ced244608d4d7b76ac54a2,sha256,,CC-BY-4.0,VERIFIED,data/raw/utah_forge/16B_Pason.zip,10 Second Data.csv is 1.82 GB uncompressed; 412 cols x 746905 rows
FORGE78B,https://catalog.data.gov/dataset/utah-forge-well-78b-32-daily-drilling-reports-and-logs,78B-32-DailyDrillingReports-6-27thru7-31.pdf,pdf,,2026-09-26T07:06:13Z,e1424b3a73dc878a09e23698a03f3f40bf59e5817bc7847af0c58d1cf384964f,sha256,,CC-BY-4.0,ABSENT,,checksum carried over from the v0.1 log; file not in repo
FORCE2020_KAGGLE,https://www.kaggle.com (FORCE 2020 well logs mirror),force2020_well_logs.zip,zip,,2026-09-26T07:06:26Z,16f23dc6e8c0eb4bd2e172273765a5a2a619b73cd47dd83beed793f40b624f0f,sha256,,NLOD 2.0 / CC-BY-4.0,ABSENT,,blocked on Kaggle auth; redundant with FORCE2020 git
FORCE2020,https://github.com/bolgebrygg/Force-2020-Machine-Learning-competition,force2020/,git,,2026-09-26,,,c8d01ee92c1c8e1ecba36f96cca6ea7b689338a1,CC-BY-4.0 (Zenodo deposit); upstream NPD logs NLOD 2.0,VERIFIED,data/raw/force2020,"partial clone (--filter=blob:none) + sparse checkout: 4 CSVs, train.zip and 1 of 118 LAS fetched, the rest left unfetched. No checksum column value: file identity is the commit tree, and reports/force2020_inspection.json records the blob id of every source file. GitHub carries no dataset LICENSE; the licence above is Zenodo record 10.5281/zenodo.4351156. Inspected only, not ingested."
KICK_3W_PETROBRAS,https://github.com/petrobras/3W,petrobras_3W/,git,,,,,,see repo,ABSENT,,largest labelled real-world event dataset; use to validate the NWIS event ontology. v0.1 trimmed it to 2 of 11 event classes
